-- phpMyAdmin SQL Dump
-- version 4.1.14
-- http://www.phpmyadmin.net
--
-- Servidor: 127.0.0.1
-- Tiempo de generación: 05-05-2019 a las 23:18:30
-- Versión del servidor: 5.6.17
-- Versión de PHP: 5.5.12

SET SQL_MODE = "NO_AUTO_VALUE_ON_ZERO";
SET time_zone = "+00:00";


/*!40101 SET @OLD_CHARACTER_SET_CLIENT=@@CHARACTER_SET_CLIENT */;
/*!40101 SET @OLD_CHARACTER_SET_RESULTS=@@CHARACTER_SET_RESULTS */;
/*!40101 SET @OLD_COLLATION_CONNECTION=@@COLLATION_CONNECTION */;
/*!40101 SET NAMES utf8 */;

--
-- Base de datos: `nerivela`
--

-- --------------------------------------------------------

--
-- Estructura de tabla para la tabla `alumno`
--

CREATE TABLE IF NOT EXISTS `alumno` (
  `idAlumno` int(11) NOT NULL AUTO_INCREMENT,
  `nombre` varchar(20) NOT NULL,
  `ApellidoP` varchar(20) NOT NULL,
  `ApellidoM` varchar(20) NOT NULL,
  `calle` varchar(50) NOT NULL,
  `colonia` varchar(50) NOT NULL,
  `numExt` varchar(5) DEFAULT NULL,
  `cp` varchar(5) NOT NULL,
  `telEmer` varchar(10) NOT NULL,
  `Genero` varchar(9) NOT NULL,
  `lugNac` varchar(30) NOT NULL,
  `FechNac` date NOT NULL,
  `Alergias` varchar(250) DEFAULT NULL,
  `CURP` varchar(20) NOT NULL,
  `sangre` varchar(5) NOT NULL,
  `idPadres` int(11) NOT NULL,
  `idGrado` int(11) NOT NULL,
  PRIMARY KEY (`idAlumno`),
  UNIQUE KEY `CURP` (`CURP`),
  KEY `idPadres` (`idPadres`),
  KEY `idGrado` (`idGrado`)
) ENGINE=InnoDB  DEFAULT CHARSET=latin1 AUTO_INCREMENT=96 ;

--
-- Volcado de datos para la tabla `alumno`
--

INSERT INTO `alumno` (`idAlumno`, `nombre`, `ApellidoP`, `ApellidoM`, `calle`, `colonia`, `numExt`, `cp`, `telEmer`, `Genero`, `lugNac`, `FechNac`, `Alergias`, `CURP`, `sangre`, `idPadres`, `idGrado`) VALUES
(1, ' JESUS LEONARDO ', 'AREVALO', 'CARDENAS', 'CAMPECHE', 'Vista Alegre', '34', '39855', '7441212567', 'Masculino', 'Acapulco de Juarez', '2010-04-29', 'Ninguna', 'AECJ090429HCHRRS01', 'A +', 1, 4),
(2, ' PERLA CLARISSA', 'ARIAS', ' HERNANDEZ', 'MAZATLAN', 'Nueva Linea', '670', '39809', '7445690991', 'Femenino', 'Acapulco', '2010-11-01', 'Ninguna', 'AIHP091101MCHRRR03', 'B -', 2, 4),
(4, ' JUAN MANUEL', 'CARRASCO ', 'MARTINEZ', 'JALISCO', 'CENTRO', '241', '39271', '7447658439', 'Masculino', 'CHILPANCINGO', '2010-04-21', 'NINGUNA', 'CAMJ090421HCHRRN05', 'AB +', 4, 4),
(5, 'RUBEN ANTONIO', 'CEBALLOS ', 'MARTINEZ', 'VILLA HERMOSA', 'LAS PALMAS', '90', '39872', '7442895372', 'Masculino', 'ACAPULCO DE JUAREZ', '2010-07-11', 'NINGUNA', 'CEMR090711HCHBRB00', 'A +', 5, 4),
(6, 'EDDY FABIAN', 'CERA ', 'JUAREZ', 'POLACO', 'LOMAS DEL PEDREGAL ', '74', '39638', '7447814547', 'Masculino', 'ACAPULCO DE JUAREZ', '2010-03-15', 'CAMARONES', 'CEJE090315HCHRRD06', 'O +', 6, 4),
(7, ' MARIA CRISTINA', ' CORRAL', 'BALDERRAMA', 'XINAMECA', 'LA PIRAGUA ', '1010', '39451', '7448912365', 'Femenino', 'CUIDAD DE MEXICO', '2010-11-27', 'NINGUNA', 'COBC091127MCHRLR08', 'O -', 7, 4),
(8, 'ANA SOLEDAD', 'CORREA ', 'CONTRERAS', 'TEXCOCO', 'CENTRO', '310', '39850', '7448721691', 'Femenino', 'CUIDAD DE MEXICO', '2010-10-07', 'NINGUNA', 'COCA091007MDGRNN02', 'O +', 8, 4),
(9, 'SERGIO ALEJANDRO', ' DELGADO ', 'MORLET', '1447', 'LOS ANGELES ', '1447', '39854', '7449652131', 'Masculino', 'ACAPULCO DE JUAREZ', '2010-10-08', 'NINGUNA', 'DEMS091008HCHLXR04', 'O +', 9, 3),
(10, 'JULIO CESAR', 'ENRIQUEZ ', 'GAYTAN', 'CALLE 5', 'CENTRO', '545', '39874', '7448526984', 'Masculino', 'AGUASCALIENTES', '2010-08-06', 'NINGUNA', 'EIGJ090806HCHNYL07', 'B +', 10, 4),
(11, 'JORGE JOAN', 'GARCIA ', 'MIMBELA', 'NUEVA VISTA', 'CENTRO', '14', '39154', '7449652314', 'Masculino', 'ACAPULCO DE JUAREZ', '2010-03-14', 'NINGUNA', 'GAMJ090314HCHRMR05', 'O +', 11, 4),
(12, ' PERLA LILIANA', 'GONZALEZ ', 'LINARES', 'SANTA CRUZ', 'CENTRO', '145', '39147', '7449215503', 'Femenino', 'ACAPULCO DE JUAREZ', '2010-07-29', 'NINGUNA', 'GOLP090729MCHNNR03', 'A +', 12, 4),
(13, 'DANIEL', 'GONZALEZ', ' VILLA', 'ROMA', 'COSTA GRANDE', '367', '39900', '7446321057', 'Masculino', 'ACAPULCO DE JUAREZ', '2010-06-10', 'PARACETAMOL', 'GOVD090610HCHNLN02', 'O +', 13, 4),
(14, ' HECTOR JESUS', 'GRADO', 'ARMENDARIZ', 'NORIEGA', 'BELLAVISTA', '90', '39781', '5587452152', 'Masculino', 'PUEBLA', '2010-09-26', 'NINGUNA', 'GAAH090926HCHRRC04', 'AB +', 14, 4),
(15, 'CONCEPCION', 'VAZQUEZ ', 'LOPEZ', 'VELADEZ', 'CENTRO', '124', '36952', '7441602539', 'Femenino', 'ACAPULCO DE JUAREZ', '2010-12-08', 'NINGUNA', 'VALC091208MGRZPN02', 'O -', 15, 4),
(16, 'LUIS EDUARDO', 'HERRERA', 'VILLARREAL ', 'POLAR', 'ROMA', '87', '39880', '7445602948', 'Masculino', 'ACAPULCO DE JUAREZ', '2011-02-24', 'NINGUNA', 'HEVL080224HCHRLS09', 'O +', 16, 3),
(17, 'ERICK FRANCISCO ', 'HOLGUIN ', 'AGUIRRE', 'CALLE 3', 'TEMASCAL', '1093', '39084', '7449652145', 'Masculino', 'ACAPULCO', '2011-02-18', 'NINGUNA', 'HOAE110218HCHLGR02', 'O +', 17, 3),
(18, 'JOSE', 'JALIFE ', 'AGUIRRE ', 'ZAPOPAN', 'OLIVA', '523', '39874', '5596876520', 'Masculino', 'ACAPULCO DE JUAREZ', '2011-10-04', 'NINGUNA', 'JAAJ111004HCLLGS07', 'A +', 18, 3),
(19, 'MARIA DE LOS ANGELES', 'OLIVARES ', 'AYALA', 'CALLE 6', 'CENTRO', '53', '39874', '7442589514', 'Femenino', 'ACAPULCO DE JUAREZ', '2011-09-07', 'NINGUNA', 'OIAA110907MCHLYN00', 'O +', 19, 3),
(20, 'GUILLERMO', 'OLIVAS ', 'TENA', 'LA CIMA', 'TUXTEPEC', '11', '39111', '5578301012', 'Masculino', 'MORELOS', '2011-11-12', 'NINGUNA', 'OITG111112HCHLNL26', 'O +', 20, 3),
(21, 'AARON', ' OLIVAS ', 'VEGA', 'JACARANDAS', 'LOS ANGELES', '143', '39010', '7448731698', 'Masculino', 'ACAPULCO DE JUAREZ', '2011-02-10', 'NINGUNA', 'OIVA110210HCHLGR05', 'AB +', 21, 3),
(22, 'ENRIQUE', 'PAYAN', ' VILLANUEVA ', 'EL ROBLE', 'VELADEZ', '02', '39001', '7447040621', 'Masculino', 'ACAPULCO DE JUAREZ', '2011-07-31', 'NINGUNA', 'PAVE110731HCHYLN05', 'O +', 22, 3),
(23, 'JOSE RUBEN', 'RAMIREZ ', 'RODRIGUEZ', 'RIOS', 'POLAR', '22', '39040', '7443635102', 'Masculino', 'ACAPULCO DE JUAREZ', '2011-06-21', 'NINGUNA', 'RARR110621HCHMDB00', 'O +', 23, 3),
(24, 'ADRIAN', 'SANTIESTEBAN ', 'ONTIVEROS', 'LOMA ALTA', 'ALEGRIA', '034', '39843', '7441234569', 'Masculino', 'ACAPULCO', '2011-11-21', 'NINGUNA', 'SAOA111121HCHNND03', 'O +', 24, 3),
(25, 'JORGE', 'VILLARREAL ', 'CHACON', 'PEDREGAL', 'GALLARDO', '73', '39600', '5574896581', 'Masculino', 'CHILPANCINGO', '2011-05-13', 'NINGUNA', 'VICJ110513HCHLHR04', 'O +', 25, 3),
(26, 'CARLA CELIA', 'CORONA', 'RAMIREZ', 'GRIJALBA', 'LUNA NUEVA', '21', '39209', '7446532011', 'Femenino', 'ACAPULCO DE JUAREZ', '2011-07-11', 'NINGUNA', 'CORC110711MMCRMR05', 'B +', 26, 3),
(27, 'TANIA', 'CORTES', 'SEGURA', 'CAMPECHE', 'FABRICA', '38', '39481', '7441239871', 'Femenino', 'CULIACAN', '2011-03-14', 'NINGUNA', 'COST110314MDFRGN04', 'O +', 27, 3),
(28, 'DANIELA EMILIANA', 'DARCIA', 'MARTINEZ', 'VALLE DEL SOL', 'SONORA', '623', '39844', '7444700212', 'Femenino', 'ACAPULCO DE JUAREZ', '2011-07-21', 'NINGUNA', 'GAMD110721MDFRRN09', 'O +', 28, 3),
(30, 'HILDA', 'DIAZ ', 'RAMIREZ', 'EMILIANO ZAPATA', 'ZACATECAS', '2902', '39520', '5589367101', 'Femenino', 'ACAPULCO DE JUAREZ', '2011-05-07', 'NINGUNA', 'DIRH110507MDFZML00', 'O +', 30, 3),
(31, 'JUDITH ANGELICA', 'DOMINGUEZ', 'ALONSO', 'SINALOA', 'SAN JUAN', '400', '39875', '7448956221', 'Femenino', 'ACAPULCO DE JUAREZ', '2012-03-10', 'NINGUNA', 'DOAJ120310MDFMLD00', 'O +', 31, 2),
(32, 'ARTURO', 'BACALLAO', 'SANTIAGO', '64', 'POLAR', '64', '39409', '7441019102', 'Masculino', 'ACAPULCO DE JUAREZ', '2012-11-13', 'NINGUNA', 'BASA121113HDFCNR05', 'O +', 32, 1),
(33, 'DELIA', 'BARCENAS ', 'OLVERA ', 'JUAREZ', 'VISTA ALEGRE', '01', '39056', '5567392833', 'Femenino', 'PUEBLA', '2012-08-22', 'PESCADO', 'BAOD120822MDFRLL00', 'A +', 33, 2),
(34, 'ROSA MARIA', 'CAMPUZANO', 'LUNA', 'PEDREGAL', 'LOMAS', '26', '39057', '7448596526', 'Femenino', 'ACAPULCO DE JUAREZ', '2012-05-29', 'NINGUNA', 'CALR120529MQTMNS05', 'O +', 34, 2),
(35, 'GABRIELA YRAIS', 'CASANOVA', 'FUENTES', 'BRISAS DEL MAR', 'CAMPECHE', '35', '39050', '7448789210', 'Femenino', 'ACAPULCO DE JUAREZ', '2012-06-05', 'NINGUNA', 'CAFG120605MDFSNB01', 'B +', 35, 2),
(36, 'NOEMI', 'ESCALONA', 'MONTES DE OCA', 'CALLE 1', 'CUAUHTEMOC', '99', '39102', '7448792102', 'Femenino', 'GUADALAJARA', '2012-01-26', 'NINGUNA', 'EAMN120126MDFSNM03', 'AB +', 36, 2),
(37, 'ESMERALDA', 'FERRER ', 'JUAREZ', 'SINFONIA', 'ARROYO SECO', '670', '39850', '7448210392', 'Femenino', 'ACAPULCO DE JUAREZ', '2012-01-12', 'NINGUNA', 'FEJE120112MMCRRS02', 'O +', 37, 2),
(38, 'OSVALDO', 'FLORES', 'CRUZ', 'FUGAZ', 'CASATILLO', '80', '39874', '5531193732', 'Masculino', 'SAN LUIS POTOSI', '2012-05-03', 'NINGUNA', 'FOCO120503HDFLRS03', 'O +', 38, 2),
(39, 'YAZMIN', 'FLORES', 'JUAREZ', 'LIMA', 'BRISAS DEL MAR', '453', '39875', '7448736552', 'Femenino', 'ACAPULCO DE JUAREZ', '2012-11-10', 'NINGUNA', 'FOJY121110MDFLRZO1', 'O +', 39, 2),
(40, 'MARIA DEL CONSUELO', 'GALINDO ', 'GONZALEZ', 'PERA', 'MIRAMAR', '865', '39087', '7444112411', 'Femenino', 'ACAPULCO DE JUAREZ', '2012-02-24', 'PESCADO', 'GAGC120224MDFLNN01', 'O +', 40, 2),
(41, 'JONATHAN ISSAC', 'LOPEZ', 'CANO', 'ALIANZA', 'VERACUZ', '560', '39044', '5572562044', 'Masculino', 'CUIDAD DE MEXICO', '2012-09-21', 'NINGUNA', 'LOCJ120921HCHPNN09', 'O +', 41, 2),
(42, 'GUILLERMO', 'OLIVAS ', 'TENA', 'TORRES', 'BUROCRATA', '673', '39086', '7446521035', 'Masculino', 'ACAPULCO DE JUAREZ', '2012-11-12', 'CAMARON', 'OITG121112HCHLNL26', 'O +', 42, 2),
(43, 'ADRIAN', 'SANTIESTEBAN', 'ONTIVEROS', 'BARRAN', 'LOMA', '564', '39034', '7445149622', 'Masculino', 'ACAPULCO DE JUAREZ', '2019-03-23', 'POLVO', 'SAOA791121HCHNND03', 'B +', 43, 2),
(44, 'JORGE', 'VILLARREAL ', 'CHACON ', 'LIMA', 'CAUDILLO', '823', '39505', '7444968523', 'Masculino', 'ACAPULCO DE JUAREZ', '2012-05-13', 'CHOCOLATE', 'VICJ120513HCHLHR04', 'B +', 44, 2),
(45, 'FRANCISCO ALFREDO', 'VIZCARRA', 'ROBLES', 'CHARCO', 'LAS BRISAS', '309', '39887', '7448951241', 'Masculino', 'CUIDAD DE MEXICO', '2012-06-29', 'NINGUNA', 'VIRF120629HSLZBR06', 'O +', 45, 2),
(46, 'MARICELA', 'GONZALEZ ', 'ALVAREZ ', 'JACARANDA', 'COHETEROS', '455', '39869', '7448987545', 'Femenino', 'ACAPULCO DE JUAREZ', '2013-05-11', 'NINGUNA', 'GOAM130511MDFNLR07', 'O +', 46, 1),
(47, 'ARTURO ALEJANDRO', 'GIL', 'MIRANDA', 'CALLE 4', 'COSTA AZUL', '087', '39601', '4778895148', 'Masculino', 'PUEBLA', '2013-08-03', 'NINGUNA', 'GIMA130803HDFLRR09', 'O +', 47, 1),
(48, 'DIANA PATRICIA', 'HERNANDEZ', 'AMARO ', 'CRIL', 'BRAVA', '985', '39711', '5587445681', 'Femenino', 'CUIDAD DE MEXICO', '2013-03-17', 'NINGUNA', 'HEAD130317MDFRMN01', 'O +', 48, 1),
(49, 'DIANA KARINA', 'HERNANDEZ', 'MORALES ', 'NUEVA VISTA', 'LEON', '476', '39402', '7449585135', 'Femenino', 'MORELOS', '2013-12-12', 'NINGUNA', 'HEMD131212MDFRRN06', 'O +', 49, 1),
(50, 'JULIO CESAR', 'HERNANDEZ', 'PENA', 'GOMEZ', 'GUZMAN', '111', '39111', '7449895325', 'Masculino', 'ACAPULCO DE JUAREZ', '2013-06-09', 'NINGUNA', 'HEPJ130609HGRRXL08', 'AB +', 50, 1),
(51, 'NANCY', 'ISIDRO', 'GUTIERREZ ', 'FIGURA', 'DEL VALLE', '92', '39871', '7448845105', 'Femenino', 'ACAPULCO DE JUAREZ', '2013-03-24', 'NINGUNA', 'IIGN130324MMCSTN05', 'O +', 51, 1),
(52, 'GUADALUPE', 'JAIME', 'GONZALEZ', 'MENA', 'LEON', '854', '39548', '7448510250', 'Femenino', 'ACAPULCO DE JUAREZ', '2013-07-02', 'NINGUNA', 'JAGG130702MDFMND01', 'AB +', 52, 1),
(53, 'PAMELA SHARON', 'JUAREZ ', 'SOTO', 'FABRICA', 'VISTA ALEGRE', '342', '39564', '7443625547', 'Femenino', 'ACAPULCO DE JUAREZ', '2013-08-20', 'PULPO', 'JUSP130820MDFRTM02', 'O +', 53, 1),
(54, 'MONICA CRISTINA', 'KAPLAN', 'CASTELLANOS', 'SANTA CRUZ', 'NOVEDADES', '32', '39658', '7449685550', 'Femenino', 'ACAPULCO DE JUAREZ', '2013-10-27', 'NINGUNA', 'KACM131027MDFPSN07', 'AB +', 54, 1),
(55, 'BELEM', 'LAGUNA', 'HERNANDEZ', 'VELA', 'LIMA', '432', '39754', '7448273014', 'Femenino', 'ACAPULCO DE JUAREZ', '2013-05-10', 'NINGUNA', 'LAHB130510MDFGRL00', 'AB +', 55, 1),
(56, 'FLAVIO', 'LEON ', 'CONDE ', 'RIVERA', 'DEL VALLE', '231', '39584', '7448952515', 'Masculino', 'ACAPULCO DE JUAREZ', '2013-05-07', 'SALMON', 'LECF130507HTLNNL02', 'AB +', 56, 1),
(57, 'KARLA LISSET', 'LOPEZ ', 'ESTRADA', 'GRIL', 'TECONCHE', '54', '39000', '7443256102', 'Femenino', 'VERACRUZ', '2013-03-30', 'NINGUNA', 'LOEK130330MDFPSR07', 'O +', 57, 1),
(58, 'MARCO ANTONIO', 'LUCAS ', 'GONZALEZ ', 'LA LAJA', 'MATA', '51', '39555', '4473258552', 'Masculino', 'IGUALA', '2013-12-08', 'NINGUNA', 'LUGM131208HMCCNR09', 'O +', 58, 1),
(59, 'ALFONSO', 'MONDRAGON ', 'ALMERIA ', 'VILLA HERMOSA', 'MOCTEZUMA', '453', '39871', '7449825202', 'Masculino', 'ACAPULCO DE JUAREZ', '2013-08-05', 'NINGUNA', 'MOAA130805HDFNLL04', 'B +', 59, 1),
(60, 'JULIO CESAR', 'PEREZ', 'BOJAS', 'SONORA', 'COLOSO', '2155', '39502', '7449185211', 'Masculino', 'ACAPULCO DE JUAREZ', '2013-05-13', 'PELICILINA', 'PEBJ130513HDFRRL07', 'A +', 60, 1),
(61, 'LETICIA', 'MUNOZ ', 'CARRANZA ', 'SINALOA', 'MIRADOR', '1123', '39611', '7449685212', 'Femenino', 'ACAPULCO DE JUAREZ', '2008-02-25', 'NINGUNA', 'MUCL080225MMCXRT05', 'O +', 61, 6),
(62, 'LAURA', 'NAVARRETE', 'DIAZ ', 'GALVANEZ', 'EL TANQUE', '65', '39685', '7449520202', 'Femenino', 'ACAPULCO DE JUAREZ', '2008-11-02', 'NINGUNA', 'NADL081102MDFVZR01', 'O +', 62, 6),
(63, 'JESSICA', 'ARELLANO ', 'OCHOA', 'ERA', 'EL PORVENIR', '56', '39650', '7443625114', 'Femenino', 'ACAPULCO DE JUAREZ', '2008-07-24', 'NINGUNA', 'AEOJ080724MDFRCS08', 'O +', 63, 6),
(64, 'VICTOR KRISTIAN', 'BENITEZ ', 'ALARCON', 'SOR JUANA', 'VAZQUEZ', '685', '39474', '5574179653', 'Masculino', 'CUIDAD DE MEXICO', '2008-03-26', 'NINGUNA', 'BEAV080326HDFNLC01', 'O +', 64, 6),
(65, 'KATIA BERENICE', 'DIAZ', 'RODRIGUEZ ', 'PASCUARO', 'MAZATLAN', '341', '39020', '7446986321', 'Femenino', 'ACAPULCO DE JUAREZ', '2008-12-02', 'NINGUNA', 'DIRK081202MDFZDT09', 'O +', 65, 6),
(66, 'LILIANA', 'DIAZ DE LEON ', 'CRUZ ', 'DIAZ', 'LAS GRANJAS', '45', '39078', '7448135321', 'Femenino', 'ACAPULCO DE JUAREZ', '2008-12-31', 'PARACETAMOL', 'DICL081231MDFZRL08', 'AB +', 66, 6),
(67, 'IVONE MARITZA', 'ZEPEDA', 'FERNANDEZ ', 'CALLE 2', 'VICTORIA', '21', '39665', '4773896885', 'Femenino', 'LEON', '2008-05-03', 'POLVO', 'ZEFI080503MBCPRV07', 'A -', 67, 6),
(68, 'CESAR', 'VENTURA ', 'MARTINEZ ', 'LOS TIGRES', 'FLAMINGOS', '2577', '39325', '7445634564', 'Masculino', 'MORELOS', '2008-04-16', 'NINGUNA', 'VEMC080416HMCNRS05', 'B +', 68, 6),
(69, 'ANA KAREN', 'MARTINEZ ', 'ARREOLA ', 'SALOMON', 'VICTORIA', '78', '39887', '7440253452', 'Femenino', 'IGUALA', '2008-03-02', 'NINGUNA', 'MAAA080302MDFRRN03', 'O +', 69, 6),
(70, 'FRANCISCO JAVIER', 'REYES', 'CARRILLO ', 'HIELO', 'SANTA ELENA', '234', '39545', '7440287824', 'Masculino', 'ACAPULCO DE JUAREZ', '2019-03-23', 'NINGUNA', 'RECF080526HMCYRT00', 'O +', 70, 6),
(71, 'OMAR', 'BARAJAS ', 'CORTES ', 'SOLAR', 'DIAZ', '15', '39772', '7442356564', 'Masculino', 'MORELOS', '2008-11-26', 'NINGUNA', 'BACO081126HGRRRM02', 'O +', 71, 6),
(72, 'ELENA ANAI', 'ROA', 'SANCHEZ ', 'PEDREGOSO', 'HORNOS', '574', '39544', '7443686832', 'Femenino', 'ACAPULCO DE JUAREZ', '2008-06-15', 'NINGUNA', 'ROSE080615MMSXNL00', 'O +', 72, 6),
(73, 'JESUS ALBERTO', 'RUANO ', 'VELAZQUEZ', 'PIEDRA', 'HUERTA', '423', '39245', '7445465561', 'Masculino', 'CUIDAD DE MEXICO', '2008-04-20', 'NINGUNA', 'RUVJ080420HDFNLS06', 'O +', 73, 6),
(74, 'LUIS MANUEL', 'HERNANDEZ ', 'PEREZ', 'LOMA', 'HOSPITAL', '524', '39545', '7442534448', 'Masculino', 'ACAPULCO DE JUAREZ', '2008-01-18', 'PELICILINA', 'HEPL080118HGRRRS08', 'O +', 74, 6),
(75, 'JESUS', 'ADAME', 'GODINEZ ', 'VISTA LIBRE', 'VENEZUELA', '49', '39787', '7448958611', 'Masculino', 'ACAPULCO DE JUAREZ', '2008-12-24', 'POLVO', 'AAGJ081224HGRDDS04', 'O +', 75, 6),
(76, 'CLAUDIA LIZ', 'RUIZ ', 'FRAGA ', 'WEN', 'JACARANDAS', '56', '39652', '7449565396', 'Femenino', 'ACAPULCO DE JUAREZ', '2009-03-08', 'NINGUNA', 'RUFC090308MDFZRL09', 'A +', 76, 5),
(77, 'VALERIA MAGALY', 'SANCHEZ ', 'AVILA ', 'URBANA', 'ORTIZ', '762', '39787', '7445652535', 'Femenino', 'ACAPULCO DE JUAREZ', '2009-07-15', 'NINGUNA', 'SAAV090715MDFNVL06', 'AB -', 77, 5),
(78, 'SILVIA', 'SOLANO ', 'OLIVARES ', 'ROMAN', 'PEDREGOSO', '463', '39006', '7446596568', 'Femenino', 'ACAPULCO DE JUAREZ', '2009-06-02', 'NINGUNA', 'SOOS090602MDFLLL00', 'O +', 78, 5),
(79, 'NAYELI', 'PAZ ', 'NAVA ', 'TERRAZAS', 'ROMA', '0982', '39021', '7449853263', 'Femenino', 'CUIDAD DE MEXICO', '2009-12-30', 'NINGUNA', 'PANN091230MDFZVY00', 'AB +', 79, 5),
(80, 'HILDA REBECA', 'PIGEONUTT ', 'DIAZ ', 'PARRA', 'LUNA DEL MAR', '39', '39775', '7446886552', 'Femenino', 'OAXACA', '2009-11-16', 'NINGUNA', 'PIDH091116MDFGZL02', 'B +', 80, 5),
(81, 'EDNA LAURA', 'PORTILLO', 'GONZALEZ ', 'ALANZA', 'PALOMARES', '26', '39784', '7446589653', 'Femenino', 'MORELIA', '2009-08-03', 'NINGUNA', 'POGE090803MPLRND00', 'B +', 81, 5),
(82, 'XOCHITL ANAID', 'RAMIREZ', 'MEJIA ', 'FERNANDEZ', 'MATAMOROS', '80', '39587', '7445868435', 'Femenino', 'ACAPULCO DE JUAREZ', '2009-08-07', 'NINGUNA', 'RAMX090807MDFMJC02', 'B +', 82, 5),
(83, 'MONSERRAT', 'MORALES ', 'LEON ', 'SINALOA', 'LOMA ALTA', '50', '39995', '7446924484', 'Femenino', 'ACAPULCO DE JUAREZ', '2009-10-12', 'NINGUNA', 'MOLM091012MDFRNN09', 'B +', 83, 5),
(84, 'JESUS', 'UGALDE', 'RIVERA ', 'MAR DEL CARIBER', 'SALAMANCA', '48', '39741', '5589787640', 'Masculino', 'CIUDAD DE MEXICO', '2009-03-17', 'POLVO', 'UARJ090317HMCGVS07', 'A +', 84, 5),
(85, 'LUIS ARMANDO', 'SEVILLA ', 'NAVA ', 'PERA', 'NUEVA ZONA', '360', '39101', '7448545640', 'Masculino', 'ACAPULCO DE JUAREZ', '2009-05-22', 'NINGUNA', 'SENL090522HGRVVS02', 'AB +', 85, 5),
(86, 'GUILLERMO', 'RIVERA ', 'BARRERA ', 'ZONA', 'LA PAROTA', '549', '39505', '7449829685', 'Masculino', 'IGUALA', '2009-12-14', 'PELICILINA', 'RIBG091214HGRVRL10', 'O +', 86, 5),
(87, 'MIGUEL ANGEL', 'CABRERA', 'ADAME ', 'DAMIAN', 'VISTA ALEGRE', '60', '39874', '7446465454', 'Masculino', 'ACAPULCO DE JUAREZ', '2009-11-17', 'PARACETAMOL', 'CAAM091117HGRBDG13', 'O +', 87, 5),
(88, 'MILTON EMANUEL', ' ARROYO', 'AGUILAR ', 'SONORA', 'LA POZA', '492', '39084', '7449355799', 'Masculino', 'ACAPULCO DE JUAREZ', '2009-06-20', 'NINGUNA', 'AOAM090620HGRRGL04', 'O +', 88, 5),
(89, 'LUIS RANGEL', ' DE LA O', 'ARROYO', 'LOS ALTOS', 'LOS TIGRES', '231', '39284', '7446298168', 'Masculino', 'ACAPULCO DE JUAREZ', '2009-05-11', 'NINGUNA', 'OXAL090511HGRXRS05', 'O +', 89, 5),
(90, 'RODRIGO', 'DONJUAN ', 'MORA ', 'MATA', 'LA MIRA', '693', '39657', '7446915935', 'Masculino', 'VERACRUZ', '2009-11-10', 'NINGUNA', 'DOMR091104HGRNRD06', 'O +', 90, 5),
(91, 'MARTHA', 'TERAN', 'LARA', '52', 'CARABALI', '52', '39560', '7444383583', 'Femenino', 'ACAPULCO DE JUAREZ', '2012-08-03', 'PELICILINA', 'TEML030813MGRRRR09', 'O +', 91, 1),
(92, 'Maria Lizbeth', 'Torres', 'Luna', '51', 'Carabali', '51', '39560', '7441212091', 'Femenino', 'Acapulco', '2009-02-03', 'Pelicilina', 'TELM090203MGRRRR02', 'O +', 92, 5),
(93, 'MARTHA LIZETH', 'TERAN', 'LARA', '51', 'CARABALI', '51', '39560', '7441213456', 'Femenino', 'ACAPULCO', '2010-05-04', 'NINGUNA', 'TEML100504MGRRRR02', 'AB +', 93, 4),
(94, 'KAREN LIZBETH', 'TERAN', 'ESTRADA', '42', 'LIMA', '42', '39888', '7441212091', 'Femenino', 'ACAPULCO', '2010-05-03', 'PELICILINA', 'TEKL100503MGRRRR06', 'AB +', 94, 4),
(95, 'CARLOS LUIS', 'TORRES', 'ESTRADA', '34', 'sdfsdf', '34', '42442', '7345092333', 'Masculino', 'acapulco', '2010-05-01', 'pelicilina', 'TECL100501MGRRRR03', 'O +', 95, 4);

-- --------------------------------------------------------

--
-- Estructura de tabla para la tabla `bitacora`
--

CREATE TABLE IF NOT EXISTS `bitacora` (
  `idAcceso` int(11) NOT NULL AUTO_INCREMENT,
  `Usuario` varchar(20) DEFAULT NULL,
  `Nombre` varchar(20) DEFAULT NULL,
  `Apellido` varchar(20) DEFAULT NULL,
  `Fecha` varchar(20) DEFAULT NULL,
  `HoraEntrada` varchar(20) DEFAULT NULL,
  `HoraSalida` varchar(20) DEFAULT NULL,
  PRIMARY KEY (`idAcceso`)
) ENGINE=InnoDB  DEFAULT CHARSET=latin1 AUTO_INCREMENT=330 ;

--
-- Volcado de datos para la tabla `bitacora`
--

INSERT INTO `bitacora` (`idAcceso`, `Usuario`, `Nombre`, `Apellido`, `Fecha`, `HoraEntrada`, `HoraSalida`) VALUES
(292, 'Jose234', 'Jose Alberto', 'Padilla', '19/04/2019', '03:50:14', '03:50:20'),
(293, 'Jose234', 'Jose Alberto', 'Padilla', '19/04/2019', '03:58:29', '04:02:33'),
(294, 'Jose234', 'Jose Alberto', 'Padilla', '19/04/2019', '04:11:19', '05:28:54'),
(295, 'Jose234', 'Jose Alberto', 'Padilla', '19/04/2019', '05:35:51', '05:40:11'),
(296, 'Jose234', 'Jose Alberto', 'Padilla', '19/04/2019', '10:14:52', '10:23:46'),
(297, 'Jose234', 'Jose Alberto', 'Padilla', '19/04/2019', '10:33:43', NULL),
(298, 'Jose234', 'Jose Alberto', 'Padilla', '21/04/2019', '11:19:45', NULL),
(299, 'Jose234', 'Jose Alberto', 'Padilla', '21/04/2019', '11:21:14', '11:47:24'),
(300, 'Jose234', 'Jose Alberto', 'Padilla', '21/04/2019', '12:41:12', '01:10:44'),
(301, 'Jose234', 'Jose Alberto', 'Padilla', '21/04/2019', '01:31:33', NULL),
(302, 'Jose234', 'Jose Alberto', 'Padilla', '21/04/2019', '01:40:48', '06:12:10'),
(303, 'Jose234', 'Jose Alberto', 'Padilla', '22/04/2019', '07:18:01', NULL),
(304, 'Jose234', 'Jose Alberto', 'Padilla', '26/04/2019', '12:15:40', '02:57:00'),
(305, 'Jose234', 'Jose Alberto', 'Padilla', '26/04/2019', '09:28:49', '10:01:36'),
(306, 'Luisa', 'dfgdfgdfg', 'dfgdgfgdf', '26/04/2019', '10:01:44', '10:07:51'),
(307, 'Jose234', 'Jose Alberto', 'Padilla', '26/04/2019', '10:31:52', '10:33:25'),
(308, 'Jose234', 'Jose Alberto', 'Padilla', '26/04/2019', '10:34:18', '10:34:28'),
(309, 'Jose234', 'Jose Alberto', 'Padilla', '26/04/2019', '11:04:31', '11:05:58'),
(310, 'Jose234', 'Jose Alberto', 'Padilla', '26/04/2019', '11:22:34', '11:25:14'),
(311, 'Jose234', 'Jose Alberto', 'Padilla', '26/04/2019', '11:31:30', '11:33:11'),
(312, 'Jose234', 'Jose Alberto', 'Padilla', '26/04/2019', '11:34:54', '11:35:50'),
(313, 'Jose234', 'Jose Alberto', 'Padilla', '26/04/2019', '11:37:37', '11:37:43'),
(314, 'Jose234', 'Jose Alberto', 'Padilla', '26/04/2019', '11:39:49', '11:41:26'),
(315, 'Jose234', 'Jose Alberto', 'Padilla', '26/04/2019', '11:43:08', '11:45:02'),
(316, 'Jose234', 'Jose Alberto', 'Padilla', '26/04/2019', '02:01:04', '02:05:29'),
(317, 'Jose234', 'Jose Alberto', 'Padilla', '26/04/2019', '02:12:29', '02:14:33'),
(318, 'Jose234', 'Jose Alberto', 'Padilla', '26/04/2019', '02:17:47', '02:17:51'),
(319, 'Jose234', 'Jose Alberto', 'Padilla', '28/04/2019', '11:57:38', '12:00:54'),
(320, 'lizethepetete', 'Martha Lizeth', 'Teran', '05/05/2019', '01:05:34', '01:10:34'),
(321, 'lizethepetete', 'Martha Lizeth', 'Teran', '05/05/2019', '01:13:02', '01:13:12'),
(322, 'lizethepetete', 'Martha Lizeth', 'Teran', '05/05/2019', '01:14:11', '01:14:16'),
(323, 'lizethepetete', 'Martha Lizeth', 'Teran', '05/05/2019', '01:15:17', '01:16:47'),
(324, 'lizethepetete', 'Martha Lizeth', 'Teran', '05/05/2019', '01:17:36', '01:19:10'),
(325, 'lizethepetete', 'Martha Lizeth', 'Teran', '05/05/2019', '01:20:13', '01:20:56'),
(326, 'lizethepetete', 'Martha Lizeth', 'Teran', '05/05/2019', '01:22:01', '01:23:06'),
(327, 'lizethepetete', 'Martha Lizeth', 'Teran', '05/05/2019', '02:10:07', '02:10:13'),
(328, 'lizethepetete', 'Martha Lizeth', 'Teran', '05/05/2019', '03:53:09', '03:56:35'),
(329, 'lizethepetete', 'Martha Lizeth', 'Teran', '05/05/2019', '04:04:18', '04:09:31');

-- --------------------------------------------------------

--
-- Estructura de tabla para la tabla `calificaciones`
--

CREATE TABLE IF NOT EXISTS `calificaciones` (
  `idCalificaciones` int(11) NOT NULL AUTO_INCREMENT,
  `CalificacionMen` decimal(3,1) NOT NULL,
  `idAlumno` int(11) NOT NULL,
  `Mes` varchar(20) NOT NULL,
  `idMaterias` int(11) NOT NULL,
  PRIMARY KEY (`idCalificaciones`),
  KEY `fk_idAlumno` (`idAlumno`),
  KEY `fk_idMaterias` (`idMaterias`)
) ENGINE=InnoDB  DEFAULT CHARSET=latin1 AUTO_INCREMENT=1774 ;

--
-- Volcado de datos para la tabla `calificaciones`
--

INSERT INTO `calificaciones` (`idCalificaciones`, `CalificacionMen`, `idAlumno`, `Mes`, `idMaterias`) VALUES
(144, '10.0', 6, 'Septiembre', 4),
(145, '10.0', 6, 'Septiembre', 33),
(146, '8.0', 6, 'Septiembre', 27),
(147, '8.5', 6, 'Septiembre', 39),
(148, '9.0', 6, 'Septiembre', 45),
(149, '10.0', 6, 'Septiembre', 51),
(150, '10.0', 6, 'Septiembre', 10),
(151, '7.5', 6, 'Septiembre', 16),
(152, '10.0', 6, 'Septiembre', 22),
(153, '10.0', 6, 'Septiembre', 30),
(154, '0.0', 6, 'Septiembre', 57),
(155, '10.0', 6, 'Octubre', 4),
(156, '8.5', 6, 'Octubre', 33),
(157, '9.5', 6, 'Octubre', 27),
(158, '9.0', 6, 'Octubre', 39),
(159, '9.5', 6, 'Octubre', 45),
(160, '10.0', 6, 'Octubre', 51),
(161, '9.0', 6, 'Octubre', 10),
(162, '8.0', 6, 'Octubre', 16),
(163, '7.5', 6, 'Octubre', 22),
(164, '5.5', 6, 'Octubre', 30),
(165, '2.0', 6, 'Octubre', 57),
(166, '10.0', 5, 'Septiembre', 4),
(167, '6.0', 5, 'Septiembre', 33),
(168, '9.0', 5, 'Septiembre', 27),
(169, '8.5', 5, 'Septiembre', 39),
(170, '8.0', 5, 'Septiembre', 45),
(171, '10.0', 5, 'Septiembre', 51),
(172, '10.0', 5, 'Septiembre', 10),
(173, '10.0', 5, 'Septiembre', 16),
(174, '10.0', 5, 'Septiembre', 22),
(175, '9.5', 5, 'Septiembre', 30),
(176, '1.0', 5, 'Septiembre', 57),
(177, '10.0', 6, 'Noviembre', 4),
(178, '9.0', 6, 'Noviembre', 10),
(179, '8.0', 6, 'Noviembre', 16),
(180, '8.0', 6, 'Noviembre', 22),
(181, '5.5', 6, 'Noviembre', 30),
(182, '7.5', 6, 'Noviembre', 33),
(183, '9.5', 6, 'Noviembre', 27),
(184, '9.0', 6, 'Noviembre', 39),
(185, '8.5', 6, 'Noviembre', 51),
(186, '7.5', 6, 'Noviembre', 45),
(187, '3.0', 6, 'Noviembre', 57),
(188, '8.5', 6, 'Diciembre', 4),
(189, '9.5', 6, 'Diciembre', 10),
(190, '9.0', 6, 'Diciembre', 16),
(191, '7.5', 6, 'Diciembre', 22),
(192, '6.0', 6, 'Diciembre', 30),
(193, '5.5', 6, 'Diciembre', 33),
(194, '5.0', 6, 'Diciembre', 27),
(195, '9.5', 6, 'Diciembre', 39),
(196, '9.5', 6, 'Diciembre', 51),
(197, '10.0', 6, 'Diciembre', 45),
(198, '4.0', 6, 'Diciembre', 57),
(199, '8.5', 6, 'Enero', 4),
(200, '7.5', 6, 'Enero', 10),
(201, '10.0', 6, 'Enero', 16),
(202, '7.5', 6, 'Enero', 22),
(203, '6.5', 6, 'Enero', 30),
(204, '5.0', 6, 'Enero', 33),
(205, '10.0', 6, 'Enero', 27),
(206, '9.0', 6, 'Enero', 39),
(207, '9.0', 6, 'Enero', 51),
(208, '8.5', 6, 'Enero', 45),
(209, '0.0', 6, 'Enero', 57),
(210, '10.0', 6, 'Febrero', 4),
(211, '7.0', 6, 'Febrero', 10),
(212, '8.5', 6, 'Febrero', 16),
(213, '7.5', 6, 'Febrero', 22),
(214, '7.0', 6, 'Febrero', 30),
(215, '5.5', 6, 'Febrero', 33),
(216, '10.0', 6, 'Febrero', 27),
(217, '10.0', 6, 'Febrero', 39),
(218, '8.5', 6, 'Febrero', 51),
(219, '9.0', 6, 'Febrero', 45),
(220, '1.0', 6, 'Febrero', 57),
(221, '8.5', 6, 'Marzo', 4),
(222, '8.5', 6, 'Marzo', 10),
(223, '7.0', 6, 'Marzo', 16),
(224, '8.5', 6, 'Marzo', 22),
(225, '7.5', 6, 'Marzo', 30),
(226, '6.5', 6, 'Marzo', 33),
(227, '10.0', 6, 'Marzo', 27),
(228, '9.5', 6, 'Marzo', 39),
(229, '8.0', 6, 'Marzo', 51),
(230, '9.0', 6, 'Marzo', 45),
(231, '1.0', 6, 'Marzo', 57),
(232, '9.5', 6, 'Abril', 4),
(233, '9.0', 6, 'Abril', 10),
(234, '9.0', 6, 'Abril', 16),
(235, '9.0', 6, 'Abril', 22),
(236, '8.5', 6, 'Abril', 30),
(237, '10.0', 6, 'Abril', 33),
(238, '10.0', 6, 'Abril', 27),
(239, '9.5', 6, 'Abril', 39),
(240, '8.0', 6, 'Abril', 51),
(241, '8.5', 6, 'Abril', 45),
(242, '2.0', 6, 'Abril', 57),
(243, '10.0', 6, 'Mayo', 4),
(244, '9.5', 6, 'Mayo', 10),
(245, '10.0', 6, 'Mayo', 16),
(246, '8.5', 6, 'Mayo', 22),
(247, '8.0', 6, 'Mayo', 30),
(248, '7.5', 6, 'Mayo', 33),
(249, '10.0', 6, 'Mayo', 27),
(250, '9.5', 6, 'Mayo', 39),
(251, '9.5', 6, 'Mayo', 51),
(252, '9.0', 6, 'Mayo', 45),
(253, '0.0', 6, 'Mayo', 57),
(254, '10.0', 6, 'Junio', 4),
(255, '9.5', 6, 'Junio', 10),
(256, '9.0', 6, 'Junio', 16),
(257, '9.0', 6, 'Junio', 22),
(258, '8.0', 6, 'Junio', 30),
(259, '7.5', 6, 'Junio', 33),
(260, '10.0', 6, 'Junio', 27),
(261, '8.5', 6, 'Junio', 39),
(262, '9.5', 6, 'Junio', 51),
(263, '8.0', 6, 'Junio', 45),
(264, '2.0', 6, 'Junio', 57),
(269, '10.0', 6, 'Diagnostico', 4),
(270, '9.5', 6, 'Diagnostico', 10),
(271, '9.0', 6, 'Diagnostico', 16),
(272, '8.0', 6, 'Diagnostico', 22),
(273, '8.0', 6, 'Diagnostico', 30),
(274, '5.5', 6, 'Diagnostico', 33),
(275, '9.5', 6, 'Diagnostico', 27),
(276, '7.0', 6, 'Diagnostico', 39),
(277, '7.0', 6, 'Diagnostico', 51),
(278, '9.0', 6, 'Diagnostico', 45),
(279, '0.0', 6, 'Diagnostico', 57),
(280, '8.5', 2, 'Octubre', 4),
(281, '8.5', 2, 'Octubre', 10),
(282, '7.5', 2, 'Octubre', 16),
(283, '6.5', 2, 'Octubre', 22),
(284, '5.5', 2, 'Octubre', 30),
(285, '9.0', 2, 'Octubre', 33),
(286, '9.0', 2, 'Octubre', 27),
(287, '8.5', 2, 'Octubre', 39),
(288, '8.5', 2, 'Octubre', 51),
(289, '8.5', 2, 'Octubre', 45),
(290, '1.0', 2, 'Octubre', 57),
(300, '10.0', 2, 'Diagnostico', 4),
(301, '9.5', 2, 'Diagnostico', 10),
(302, '9.0', 2, 'Diagnostico', 16),
(303, '8.0', 2, 'Diagnostico', 22),
(304, '8.0', 2, 'Diagnostico', 30),
(305, '5.5', 2, 'Diagnostico', 33),
(306, '9.5', 2, 'Diagnostico', 27),
(307, '7.0', 2, 'Diagnostico', 39),
(308, '7.0', 2, 'Diagnostico', 51),
(309, '9.0', 2, 'Diagnostico', 45),
(310, '0.0', 2, 'Diagnostico', 57),
(311, '8.6', 2, 'Septiembre', 4),
(312, '8.2', 2, 'Septiembre', 10),
(313, '8.0', 2, 'Septiembre', 16),
(314, '8.5', 2, 'Septiembre', 22),
(315, '5.0', 2, 'Septiembre', 30),
(316, '7.0', 2, 'Septiembre', 33),
(317, '10.0', 2, 'Septiembre', 27),
(318, '10.0', 2, 'Septiembre', 39),
(319, '8.0', 2, 'Septiembre', 51),
(320, '9.5', 2, 'Septiembre', 45),
(321, '0.0', 2, 'Septiembre', 57),
(322, '8.0', 2, 'Noviembre', 4),
(323, '8.5', 2, 'Noviembre', 10),
(324, '7.5', 2, 'Noviembre', 16),
(325, '7.0', 2, 'Noviembre', 22),
(326, '5.5', 2, 'Noviembre', 30),
(327, '8.5', 2, 'Noviembre', 33),
(328, '9.0', 2, 'Noviembre', 27),
(329, '8.5', 2, 'Noviembre', 39),
(330, '8.5', 2, 'Noviembre', 51),
(331, '8.0', 2, 'Noviembre', 45),
(332, '1.0', 2, 'Noviembre', 57),
(333, '9.0', 2, 'Diciembre', 4),
(334, '9.5', 2, 'Diciembre', 10),
(335, '9.0', 2, 'Diciembre', 16),
(336, '9.0', 2, 'Diciembre', 22),
(337, '5.5', 2, 'Diciembre', 30),
(338, '6.5', 2, 'Diciembre', 33),
(339, '10.0', 2, 'Diciembre', 27),
(340, '9.0', 2, 'Diciembre', 39),
(341, '9.5', 2, 'Diciembre', 51),
(342, '9.5', 2, 'Diciembre', 45),
(343, '0.0', 2, 'Diciembre', 57),
(344, '9.0', 17, 'Diagnostico', 3),
(345, '8.5', 17, 'Diagnostico', 9),
(346, '8.4', 17, 'Diagnostico', 15),
(347, '8.5', 17, 'Diagnostico', 21),
(348, '8.2', 17, 'Diagnostico', 25),
(349, '9.9', 17, 'Diagnostico', 26),
(350, '10.0', 17, 'Diagnostico', 38),
(351, '7.9', 17, 'Diagnostico', 50),
(352, '5.7', 17, 'Diagnostico', 44),
(353, '1.0', 17, 'Diagnostico', 56),
(354, '9.7', 17, 'Septiembre', 3),
(355, '7.7', 17, 'Septiembre', 9),
(356, '9.7', 17, 'Septiembre', 15),
(357, '9.9', 17, 'Septiembre', 21),
(358, '6.2', 17, 'Septiembre', 25),
(359, '5.4', 17, 'Septiembre', 26),
(360, '5.0', 17, 'Septiembre', 38),
(361, '9.4', 17, 'Septiembre', 50),
(362, '5.7', 17, 'Septiembre', 44),
(363, '0.0', 17, 'Septiembre', 56),
(364, '8.7', 17, 'Octubre', 3),
(365, '7.4', 17, 'Octubre', 9),
(366, '8.4', 17, 'Octubre', 15),
(367, '7.8', 17, 'Octubre', 21),
(368, '6.4', 17, 'Octubre', 25),
(369, '9.5', 17, 'Octubre', 26),
(370, '9.5', 17, 'Octubre', 38),
(371, '8.9', 17, 'Octubre', 50),
(372, '8.9', 17, 'Octubre', 44),
(373, '0.0', 17, 'Octubre', 56),
(374, '8.5', 17, 'Noviembre', 3),
(375, '8.0', 17, 'Noviembre', 9),
(376, '7.8', 17, 'Noviembre', 15),
(377, '8.3', 17, 'Noviembre', 21),
(378, '8.9', 17, 'Noviembre', 25),
(379, '9.1', 17, 'Noviembre', 26),
(380, '8.2', 17, 'Noviembre', 38),
(381, '8.3', 17, 'Noviembre', 44),
(382, '7.9', 17, 'Noviembre', 50),
(383, '0.0', 17, 'Noviembre', 56),
(384, '9.9', 17, 'Diciembre', 3),
(385, '9.8', 17, 'Diciembre', 9),
(386, '9.8', 17, 'Diciembre', 15),
(387, '10.0', 17, 'Diciembre', 21),
(388, '9.3', 17, 'Diciembre', 25),
(389, '9.2', 17, 'Diciembre', 26),
(390, '8.7', 17, 'Diciembre', 38),
(391, '5.2', 17, 'Diciembre', 50),
(392, '7.5', 17, 'Diciembre', 44),
(393, '3.0', 17, 'Diciembre', 56),
(394, '8.5', 17, 'Enero', 3),
(395, '8.4', 17, 'Enero', 9),
(396, '8.2', 17, 'Enero', 15),
(397, '8.1', 17, 'Enero', 21),
(398, '8.0', 17, 'Enero', 25),
(399, '8.6', 17, 'Enero', 26),
(400, '9.2', 17, 'Enero', 38),
(401, '9.0', 17, 'Enero', 50),
(402, '7.6', 17, 'Enero', 44),
(403, '1.0', 17, 'Enero', 56),
(404, '8.6', 17, 'Febrero', 3),
(405, '8.5', 17, 'Febrero', 9),
(406, '8.0', 17, 'Febrero', 15),
(407, '7.9', 17, 'Febrero', 21),
(408, '7.4', 17, 'Febrero', 25),
(409, '9.3', 17, 'Febrero', 26),
(410, '9.0', 17, 'Febrero', 38),
(411, '8.2', 17, 'Febrero', 50),
(412, '8.4', 17, 'Febrero', 44),
(413, '1.0', 17, 'Febrero', 56),
(438, '8.7', 18, 'Diagnostico', 3),
(439, '8.7', 18, 'Diagnostico', 9),
(440, '8.2', 18, 'Diagnostico', 15),
(441, '9.4', 18, 'Diagnostico', 21),
(442, '9.5', 18, 'Diagnostico', 25),
(443, '5.7', 18, 'Diagnostico', 26),
(444, '8.4', 18, 'Diagnostico', 38),
(445, '8.1', 18, 'Diagnostico', 50),
(446, '7.9', 18, 'Diagnostico', 44),
(447, '0.0', 18, 'Diagnostico', 56),
(448, '8.8', 18, 'Septiembre', 3),
(449, '8.7', 18, 'Septiembre', 9),
(450, '8.4', 18, 'Septiembre', 15),
(451, '8.3', 18, 'Septiembre', 21),
(452, '8.2', 18, 'Septiembre', 25),
(453, '9.0', 18, 'Septiembre', 26),
(454, '8.7', 18, 'Septiembre', 38),
(455, '8.5', 18, 'Septiembre', 50),
(456, '8.5', 18, 'Septiembre', 44),
(457, '0.0', 18, 'Septiembre', 56),
(458, '8.7', 18, 'Octubre', 3),
(459, '8.3', 18, 'Octubre', 9),
(460, '8.2', 18, 'Octubre', 15),
(461, '8.4', 18, 'Octubre', 21),
(462, '8.1', 18, 'Octubre', 25),
(463, '8.9', 18, 'Octubre', 26),
(464, '8.8', 18, 'Octubre', 38),
(465, '8.4', 18, 'Octubre', 50),
(466, '8.6', 18, 'Octubre', 44),
(467, '1.0', 18, 'Octubre', 56),
(468, '8.9', 18, 'Noviembre', 3),
(469, '9.2', 18, 'Noviembre', 9),
(470, '9.4', 18, 'Noviembre', 15),
(471, '9.5', 18, 'Noviembre', 21),
(472, '9.5', 18, 'Noviembre', 25),
(473, '9.6', 18, 'Noviembre', 26),
(474, '8.6', 18, 'Noviembre', 38),
(475, '8.2', 18, 'Noviembre', 44),
(476, '8.0', 18, 'Noviembre', 50),
(477, '1.0', 18, 'Noviembre', 56),
(492, '8.3', 46, 'Diagnostico', 3),
(493, '8.2', 46, 'Diagnostico', 9),
(494, '7.9', 46, 'Diagnostico', 15),
(495, '7.8', 46, 'Diagnostico', 15),
(496, '8.3', 46, 'Diagnostico', 38),
(497, '7.9', 46, 'Diagnostico', 50),
(498, '8.0', 46, 'Diagnostico', 44),
(499, '0.0', 46, 'Diagnostico', 56),
(500, '9.2', 46, 'Septiembre', 3),
(501, '8.5', 46, 'Septiembre', 9),
(502, '8.2', 46, 'Septiembre', 15),
(503, '8.1', 46, 'Septiembre', 15),
(504, '8.5', 46, 'Septiembre', 38),
(505, '7.6', 46, 'Septiembre', 50),
(506, '8.0', 46, 'Septiembre', 44),
(507, '1.0', 46, 'Septiembre', 56),
(520, '5.9', 46, 'Noviembre', 38),
(521, '5.5', 46, 'Noviembre', 50),
(522, '8.3', 46, 'Noviembre', 44),
(523, '5.0', 46, 'Noviembre', 56),
(524, '8.4', 46, 'Diciembre', 3),
(525, '8.2', 46, 'Diciembre', 9),
(526, '8.0', 46, 'Diciembre', 15),
(527, '8.9', 46, 'Diciembre', 15),
(528, '8.5', 46, 'Diciembre', 38),
(529, '8.2', 46, 'Diciembre', 50),
(530, '8.2', 46, 'Diciembre', 44),
(531, '2.0', 46, 'Diciembre', 56),
(535, '10.0', 16, 'Diagnostico', 3),
(536, '8.7', 16, 'Diagnostico', 9),
(537, '8.5', 16, 'Diagnostico', 15),
(538, '8.2', 16, 'Diagnostico', 21),
(539, '8.3', 16, 'Diagnostico', 25),
(540, '8.7', 16, 'Diagnostico', 26),
(541, '8.5', 16, 'Diagnostico', 38),
(542, '8.0', 16, 'Diagnostico', 50),
(543, '8.3', 16, 'Diagnostico', 44),
(544, '3.0', 16, 'Diagnostico', 56),
(545, '8.7', 16, 'Septiembre', 3),
(546, '8.4', 16, 'Septiembre', 9),
(547, '8.3', 16, 'Septiembre', 15),
(548, '8.1', 16, 'Septiembre', 21),
(549, '8.0', 16, 'Septiembre', 25),
(550, '5.6', 16, 'Septiembre', 26),
(551, '7.5', 16, 'Septiembre', 38),
(552, '8.2', 16, 'Septiembre', 50),
(553, '5.1', 16, 'Septiembre', 44),
(554, '1.0', 16, 'Septiembre', 56),
(555, '8.4', 16, 'Octubre', 3),
(556, '8.2', 16, 'Octubre', 9),
(557, '8.1', 16, 'Octubre', 15),
(558, '8.1', 16, 'Octubre', 21),
(559, '8.1', 16, 'Octubre', 25),
(560, '9.5', 16, 'Octubre', 26),
(561, '9.2', 16, 'Octubre', 38),
(562, '5.8', 16, 'Octubre', 50),
(563, '7.6', 16, 'Octubre', 44),
(564, '1.0', 16, 'Octubre', 56),
(565, '8.5', 16, 'Noviembre', 3),
(566, '8.2', 16, 'Noviembre', 9),
(567, '8.1', 16, 'Noviembre', 15),
(568, '8.0', 16, 'Noviembre', 21),
(569, '7.9', 16, 'Noviembre', 25),
(570, '9.1', 16, 'Noviembre', 26),
(571, '9.4', 16, 'Noviembre', 38),
(572, '9.2', 16, 'Noviembre', 44),
(573, '9.2', 16, 'Noviembre', 50),
(574, '3.0', 16, 'Noviembre', 56),
(585, '8.5', 32, 'Diagnostico', 3),
(586, '8.2', 32, 'Diagnostico', 9),
(587, '7.9', 32, 'Diagnostico', 15),
(588, '7.3', 32, 'Diagnostico', 15),
(589, '5.3', 32, 'Diagnostico', 38),
(590, '8.9', 32, 'Diagnostico', 50),
(591, '7.6', 32, 'Diagnostico', 44),
(592, '3.0', 32, 'Diagnostico', 56),
(593, '8.8', 32, 'Septiembre', 3),
(594, '8.2', 32, 'Septiembre', 9),
(595, '8.1', 32, 'Septiembre', 15),
(596, '7.8', 32, 'Septiembre', 15),
(597, '8.6', 32, 'Septiembre', 38),
(598, '8.4', 32, 'Septiembre', 50),
(599, '8.2', 32, 'Septiembre', 44),
(600, '2.0', 32, 'Septiembre', 56),
(601, '8.5', 32, 'Octubre', 3),
(602, '8.2', 32, 'Octubre', 9),
(603, '9.7', 32, 'Octubre', 15),
(604, '9.8', 32, 'Octubre', 15),
(605, '9.9', 32, 'Octubre', 38),
(606, '7.8', 32, 'Octubre', 50),
(607, '5.8', 32, 'Octubre', 44),
(608, '4.0', 32, 'Octubre', 56),
(609, '8.5', 32, 'Noviembre', 3),
(611, '8.0', 32, 'Noviembre', 15),
(612, '7.8', 32, 'Noviembre', 15),
(613, '8.9', 32, 'Noviembre', 38),
(614, '7.7', 32, 'Noviembre', 50),
(615, '7.7', 32, 'Noviembre', 44),
(616, '0.0', 32, 'Noviembre', 56),
(617, '9.5', 2, 'Enero', 4),
(618, '9.0', 2, 'Enero', 10),
(619, '8.0', 2, 'Enero', 16),
(620, '7.5', 2, 'Enero', 22),
(621, '7.0', 2, 'Enero', 30),
(622, '6.5', 2, 'Enero', 33),
(623, '8.5', 2, 'Enero', 27),
(624, '9.5', 2, 'Enero', 39),
(625, '5.5', 2, 'Enero', 51),
(626, '7.5', 2, 'Enero', 45),
(627, '4.0', 2, 'Enero', 57),
(628, '9.0', 2, 'Febrero', 4),
(629, '10.0', 2, 'Febrero', 10),
(630, '8.5', 2, 'Febrero', 16),
(631, '9.0', 2, 'Febrero', 22),
(632, '7.0', 2, 'Febrero', 30),
(633, '6.5', 2, 'Febrero', 33),
(634, '9.0', 2, 'Febrero', 27),
(635, '7.0', 2, 'Febrero', 39),
(636, '5.5', 2, 'Febrero', 51),
(637, '6.5', 2, 'Febrero', 45),
(638, '2.0', 2, 'Febrero', 57),
(639, '9.0', 2, 'Marzo', 4),
(640, '8.0', 2, 'Marzo', 10),
(641, '7.0', 2, 'Marzo', 16),
(642, '6.5', 2, 'Marzo', 22),
(643, '5.5', 2, 'Marzo', 30),
(644, '8.0', 2, 'Marzo', 33),
(645, '9.5', 2, 'Marzo', 27),
(646, '7.0', 2, 'Marzo', 39),
(647, '7.5', 2, 'Marzo', 51),
(648, '6.0', 2, 'Marzo', 45),
(649, '6.0', 2, 'Marzo', 57),
(650, '9.5', 2, 'Abril', 4),
(651, '7.0', 2, 'Abril', 10),
(652, '6.5', 2, 'Abril', 16),
(653, '6.5', 2, 'Abril', 22),
(654, '5.5', 2, 'Abril', 30),
(655, '7.5', 2, 'Abril', 33),
(656, '5.5', 2, 'Abril', 27),
(657, '6.5', 2, 'Abril', 39),
(658, '8.0', 2, 'Abril', 51),
(659, '6.5', 2, 'Abril', 45),
(660, '0.0', 2, 'Abril', 57),
(661, '7.0', 2, 'Mayo', 4),
(662, '6.0', 2, 'Mayo', 10),
(663, '10.0', 2, 'Mayo', 16),
(664, '7.5', 2, 'Mayo', 22),
(665, '6.0', 2, 'Mayo', 30),
(666, '8.0', 2, 'Mayo', 33),
(667, '9.5', 2, 'Mayo', 27),
(668, '10.0', 2, 'Mayo', 39),
(669, '9.0', 2, 'Mayo', 51),
(670, '9.0', 2, 'Mayo', 45),
(671, '0.0', 2, 'Mayo', 57),
(672, '7.0', 2, 'Junio', 4),
(673, '7.0', 2, 'Junio', 10),
(674, '10.0', 2, 'Junio', 16),
(675, '10.0', 2, 'Junio', 22),
(676, '5.5', 2, 'Junio', 30),
(677, '7.5', 2, 'Junio', 33),
(678, '8.5', 2, 'Junio', 27),
(679, '7.0', 2, 'Junio', 39),
(680, '6.5', 2, 'Junio', 51),
(681, '7.0', 2, 'Junio', 45),
(682, '4.0', 2, 'Junio', 57),
(683, '8.6', 16, 'Diciembre', 3),
(684, '8.2', 16, 'Diciembre', 9),
(685, '8.1', 16, 'Diciembre', 15),
(686, '7.8', 16, 'Diciembre', 21),
(687, '9.5', 16, 'Diciembre', 25),
(688, '5.4', 16, 'Diciembre', 26),
(689, '5.5', 16, 'Diciembre', 38),
(690, '8.1', 16, 'Diciembre', 50),
(691, '7.7', 16, 'Diciembre', 44),
(692, '1.0', 16, 'Diciembre', 56),
(693, '8.4', 16, 'Enero', 3),
(694, '8.0', 16, 'Enero', 9),
(695, '8.0', 16, 'Enero', 15),
(696, '9.5', 16, 'Enero', 21),
(697, '7.3', 16, 'Enero', 25),
(698, '6.0', 16, 'Enero', 26),
(699, '7.4', 16, 'Enero', 38),
(700, '5.4', 16, 'Enero', 50),
(701, '5.7', 16, 'Enero', 44),
(702, '2.0', 16, 'Enero', 56),
(703, '8.7', 16, 'Febrero', 3),
(704, '9.3', 16, 'Febrero', 9),
(705, '9.6', 16, 'Febrero', 15),
(706, '9.4', 16, 'Febrero', 21),
(707, '7.8', 16, 'Febrero', 25),
(708, '8.6', 16, 'Febrero', 26),
(709, '9.2', 16, 'Febrero', 38),
(710, '8.9', 16, 'Febrero', 50),
(711, '9.3', 16, 'Febrero', 44),
(712, '1.0', 16, 'Febrero', 56),
(713, '8.3', 16, 'Marzo', 3),
(714, '9.1', 16, 'Marzo', 9),
(715, '8.9', 16, 'Marzo', 15),
(716, '8.6', 16, 'Marzo', 21),
(717, '8.8', 16, 'Marzo', 25),
(718, '8.6', 16, 'Marzo', 26),
(719, '8.1', 16, 'Marzo', 38),
(720, '7.7', 16, 'Marzo', 50),
(721, '8.5', 16, 'Marzo', 44),
(722, '8.0', 16, 'Marzo', 56),
(723, '8.0', 16, 'Abril', 3),
(724, '7.7', 16, 'Abril', 9),
(725, '9.0', 16, 'Abril', 15),
(726, '7.7', 16, 'Abril', 21),
(727, '8.7', 16, 'Abril', 25),
(728, '6.6', 16, 'Abril', 26),
(729, '8.3', 16, 'Abril', 38),
(730, '9.1', 16, 'Abril', 50),
(731, '8.1', 16, 'Abril', 44),
(732, '5.0', 16, 'Abril', 56),
(733, '8.2', 16, 'Mayo', 3),
(734, '8.1', 16, 'Mayo', 9),
(735, '7.5', 16, 'Mayo', 15),
(736, '8.9', 16, 'Mayo', 21),
(737, '7.5', 16, 'Mayo', 25),
(738, '9.1', 16, 'Mayo', 26),
(739, '8.1', 16, 'Mayo', 38),
(740, '8.2', 16, 'Mayo', 50),
(741, '8.2', 16, 'Mayo', 44),
(742, '5.0', 16, 'Mayo', 56),
(743, '8.4', 16, 'Junio', 3),
(744, '8.3', 16, 'Junio', 9),
(745, '9.5', 16, 'Junio', 15),
(746, '7.8', 16, 'Junio', 21),
(747, '8.2', 16, 'Junio', 25),
(748, '8.7', 16, 'Junio', 26),
(749, '8.1', 16, 'Junio', 38),
(750, '8.4', 16, 'Junio', 50),
(751, '7.9', 16, 'Junio', 44),
(752, '1.0', 16, 'Junio', 56),
(777, '8.7', 17, 'Marzo', 3),
(778, '8.4', 17, 'Marzo', 9),
(779, '8.4', 17, 'Marzo', 15),
(780, '8.1', 17, 'Marzo', 21),
(781, '8.1', 17, 'Marzo', 25),
(782, '9.4', 17, 'Marzo', 26),
(783, '9.7', 17, 'Marzo', 38),
(784, '8.4', 17, 'Marzo', 50),
(785, '9.8', 17, 'Marzo', 44),
(786, '3.0', 17, 'Marzo', 56),
(787, '8.6', 17, 'Abril', 3),
(788, '8.5', 17, 'Abril', 9),
(789, '8.3', 17, 'Abril', 15),
(790, '9.4', 17, 'Abril', 21),
(791, '8.0', 17, 'Abril', 25),
(792, '8.4', 17, 'Abril', 26),
(793, '8.3', 17, 'Abril', 38),
(794, '9.1', 17, 'Abril', 50),
(795, '8.0', 17, 'Abril', 44),
(796, '1.0', 17, 'Abril', 56),
(797, '8.5', 17, 'Mayo', 3),
(798, '9.0', 17, 'Mayo', 9),
(799, '8.1', 17, 'Mayo', 15),
(800, '8.1', 17, 'Mayo', 21),
(801, '7.8', 17, 'Mayo', 25),
(802, '9.3', 17, 'Mayo', 26),
(803, '7.6', 17, 'Mayo', 38),
(804, '8.0', 17, 'Mayo', 50),
(805, '8.0', 17, 'Mayo', 44),
(806, '4.0', 17, 'Mayo', 56),
(807, '8.7', 17, 'Junio', 3),
(808, '8.1', 17, 'Junio', 9),
(809, '8.2', 17, 'Junio', 15),
(810, '8.0', 17, 'Junio', 21),
(811, '9.3', 17, 'Junio', 25),
(812, '9.1', 17, 'Junio', 26),
(813, '8.6', 17, 'Junio', 38),
(814, '8.0', 17, 'Junio', 50),
(815, '8.5', 17, 'Junio', 44),
(816, '3.0', 17, 'Junio', 56),
(817, '8.5', 18, 'Diciembre', 3),
(818, '9.5', 18, 'Diciembre', 9),
(819, '5.5', 18, 'Diciembre', 15),
(820, '5.3', 18, 'Diciembre', 21),
(821, '7.4', 18, 'Diciembre', 25),
(822, '8.6', 18, 'Diciembre', 26),
(823, '8.4', 18, 'Diciembre', 38),
(824, '8.1', 18, 'Diciembre', 50),
(825, '7.9', 18, 'Diciembre', 44),
(826, '3.0', 18, 'Diciembre', 56),
(827, '8.6', 18, 'Enero', 3),
(828, '8.4', 18, 'Enero', 9),
(829, '8.3', 18, 'Enero', 15),
(830, '8.2', 18, 'Enero', 21),
(831, '8.0', 18, 'Enero', 25),
(832, '9.7', 18, 'Enero', 26),
(833, '9.8', 18, 'Enero', 38),
(834, '7.3', 18, 'Enero', 50),
(835, '7.8', 18, 'Enero', 44),
(836, '0.0', 18, 'Enero', 56),
(837, '5.4', 18, 'Febrero', 3),
(838, '5.7', 18, 'Febrero', 9),
(839, '7.8', 18, 'Febrero', 15),
(840, '8.3', 18, 'Febrero', 21),
(841, '8.0', 18, 'Febrero', 25),
(842, '8.9', 18, 'Febrero', 26),
(843, '8.7', 18, 'Febrero', 38),
(844, '8.6', 18, 'Febrero', 50),
(845, '8.7', 18, 'Febrero', 44),
(846, '5.0', 18, 'Febrero', 56),
(847, '8.6', 18, 'Marzo', 3),
(848, '9.6', 18, 'Marzo', 9),
(849, '8.3', 18, 'Marzo', 15),
(850, '7.8', 18, 'Marzo', 21),
(851, '7.9', 18, 'Marzo', 25),
(852, '8.8', 18, 'Marzo', 26),
(853, '8.8', 18, 'Marzo', 38),
(854, '8.6', 18, 'Marzo', 50),
(855, '8.4', 18, 'Marzo', 44),
(856, '0.0', 18, 'Marzo', 56),
(857, '9.6', 18, 'Abril', 3),
(858, '8.6', 18, 'Abril', 9),
(859, '8.5', 18, 'Abril', 15),
(860, '8.0', 18, 'Abril', 21),
(861, '8.0', 18, 'Abril', 25),
(862, '8.7', 18, 'Abril', 26),
(863, '8.5', 18, 'Abril', 38),
(864, '8.3', 18, 'Abril', 50),
(865, '8.3', 18, 'Abril', 44),
(866, '2.0', 18, 'Abril', 56),
(867, '8.6', 18, 'Mayo', 3),
(868, '9.8', 18, 'Mayo', 9),
(869, '8.4', 18, 'Mayo', 15),
(870, '8.1', 18, 'Mayo', 21),
(871, '7.3', 18, 'Mayo', 25),
(872, '6.2', 18, 'Mayo', 26),
(873, '6.0', 18, 'Mayo', 38),
(874, '5.7', 18, 'Mayo', 50),
(875, '5.7', 18, 'Mayo', 44),
(876, '0.0', 18, 'Mayo', 56),
(877, '8.4', 18, 'Junio', 3),
(878, '7.7', 18, 'Junio', 9),
(879, '6.2', 18, 'Junio', 15),
(880, '5.8', 18, 'Junio', 21),
(881, '5.9', 18, 'Junio', 25),
(882, '9.2', 18, 'Junio', 26),
(883, '9.7', 18, 'Junio', 38),
(884, '8.3', 18, 'Junio', 50),
(885, '9.3', 18, 'Junio', 44),
(886, '3.0', 18, 'Junio', 56),
(887, '9.5', 76, 'Diagnostico', 4),
(888, '8.5', 76, 'Diagnostico', 10),
(889, '8.5', 76, 'Diagnostico', 16),
(890, '8.5', 76, 'Diagnostico', 22),
(891, '10.0', 76, 'Diagnostico', 30),
(892, '6.5', 76, 'Diagnostico', 33),
(893, '5.0', 76, 'Diagnostico', 27),
(894, '9.5', 76, 'Diagnostico', 39),
(895, '7.5', 76, 'Diagnostico', 51),
(896, '8.0', 76, 'Diagnostico', 45),
(897, '2.0', 76, 'Diagnostico', 57),
(898, '8.7', 76, 'Septiembre', 4),
(899, '8.5', 76, 'Septiembre', 10),
(900, '8.1', 76, 'Septiembre', 16),
(901, '7.5', 76, 'Septiembre', 22),
(902, '9.0', 76, 'Septiembre', 30),
(903, '10.0', 76, 'Septiembre', 33),
(904, '9.5', 76, 'Septiembre', 27),
(905, '10.0', 76, 'Septiembre', 39),
(906, '8.0', 76, 'Septiembre', 51),
(907, '8.0', 76, 'Septiembre', 45),
(908, '2.0', 76, 'Septiembre', 57),
(909, '8.0', 76, 'Octubre', 4),
(910, '8.5', 76, 'Octubre', 10),
(911, '8.5', 76, 'Octubre', 16),
(912, '8.0', 76, 'Octubre', 22),
(913, '6.5', 76, 'Octubre', 30),
(914, '10.0', 76, 'Octubre', 33),
(915, '5.0', 76, 'Octubre', 27),
(916, '5.5', 76, 'Octubre', 39),
(917, '9.0', 76, 'Octubre', 51),
(918, '8.0', 76, 'Octubre', 45),
(919, '3.0', 76, 'Octubre', 57),
(927, '8.0', 76, 'Noviembre', 39),
(928, '8.0', 76, 'Noviembre', 51),
(929, '9.0', 76, 'Noviembre', 45),
(930, '8.0', 76, 'Noviembre', 57),
(931, '8.0', 76, 'Diciembre', 4),
(932, '8.5', 76, 'Diciembre', 10),
(933, '6.0', 76, 'Diciembre', 16),
(934, '7.5', 76, 'Diciembre', 22),
(935, '8.5', 76, 'Diciembre', 30),
(936, '10.0', 76, 'Diciembre', 33),
(937, '9.5', 76, 'Diciembre', 27),
(938, '10.0', 76, 'Diciembre', 39),
(939, '8.0', 76, 'Diciembre', 51),
(940, '9.5', 76, 'Diciembre', 45),
(941, '8.0', 76, 'Diciembre', 57),
(942, '8.5', 76, 'Enero', 4),
(943, '8.5', 76, 'Enero', 10),
(944, '8.5', 76, 'Enero', 16),
(945, '8.0', 76, 'Enero', 22),
(946, '8.0', 76, 'Enero', 30),
(947, '9.0', 76, 'Enero', 33),
(948, '8.5', 76, 'Enero', 27),
(949, '9.0', 76, 'Enero', 39),
(950, '9.0', 76, 'Enero', 51),
(951, '9.0', 76, 'Enero', 45),
(952, '4.0', 76, 'Enero', 57),
(953, '7.5', 76, 'Febrero', 4),
(954, '6.0', 76, 'Febrero', 10),
(955, '5.5', 76, 'Febrero', 16),
(956, '9.5', 76, 'Febrero', 22),
(957, '6.0', 76, 'Febrero', 30),
(958, '6.0', 76, 'Febrero', 33),
(959, '10.0', 76, 'Febrero', 27),
(960, '5.5', 76, 'Febrero', 39),
(961, '9.5', 76, 'Febrero', 51),
(962, '6.5', 76, 'Febrero', 45),
(963, '1.0', 76, 'Febrero', 57),
(964, '8.5', 76, 'Marzo', 4),
(965, '9.0', 76, 'Marzo', 10),
(966, '8.5', 76, 'Marzo', 16),
(967, '5.0', 76, 'Marzo', 22),
(968, '6.0', 76, 'Marzo', 30),
(969, '7.0', 76, 'Marzo', 33),
(970, '10.0', 76, 'Marzo', 27),
(971, '10.0', 76, 'Marzo', 39),
(972, '6.0', 76, 'Marzo', 51),
(973, '5.5', 76, 'Marzo', 45),
(974, '0.0', 76, 'Marzo', 57),
(975, '9.5', 76, 'Abril', 4),
(976, '9.0', 76, 'Abril', 10),
(977, '8.0', 76, 'Abril', 16),
(978, '7.5', 76, 'Abril', 22),
(979, '6.0', 76, 'Abril', 30),
(980, '5.0', 76, 'Abril', 33),
(981, '9.5', 76, 'Abril', 27),
(982, '9.5', 76, 'Abril', 39),
(983, '9.5', 76, 'Abril', 51),
(984, '9.0', 76, 'Abril', 45),
(985, '1.0', 76, 'Abril', 57),
(986, '8.5', 76, 'Mayo', 4),
(987, '8.0', 76, 'Mayo', 10),
(988, '8.0', 76, 'Mayo', 16),
(989, '8.0', 76, 'Mayo', 22),
(990, '5.0', 76, 'Mayo', 30),
(991, '8.0', 76, 'Mayo', 33),
(992, '9.5', 76, 'Mayo', 27),
(993, '9.0', 76, 'Mayo', 39),
(994, '9.0', 76, 'Mayo', 51),
(995, '9.5', 76, 'Mayo', 45),
(996, '0.0', 76, 'Mayo', 57),
(997, '8.5', 76, 'Junio', 4),
(998, '8.0', 76, 'Junio', 10),
(999, '9.0', 76, 'Junio', 16),
(1000, '9.0', 76, 'Junio', 22),
(1001, '5.5', 76, 'Junio', 30),
(1002, '5.0', 76, 'Junio', 33),
(1003, '9.0', 76, 'Junio', 27),
(1004, '9.0', 76, 'Junio', 39),
(1005, '8.0', 76, 'Junio', 51),
(1006, '9.0', 76, 'Junio', 45),
(1007, '1.0', 76, 'Junio', 57),
(1008, '9.0', 77, 'Diagnostico', 4),
(1009, '8.5', 77, 'Diagnostico', 10),
(1010, '8.5', 77, 'Diagnostico', 16),
(1011, '8.0', 77, 'Diagnostico', 22),
(1012, '8.0', 77, 'Diagnostico', 30),
(1013, '6.5', 77, 'Diagnostico', 33),
(1014, '5.0', 77, 'Diagnostico', 27),
(1015, '8.5', 77, 'Diagnostico', 39),
(1016, '6.5', 77, 'Diagnostico', 51),
(1017, '7.5', 77, 'Diagnostico', 45),
(1018, '8.0', 77, 'Diagnostico', 57),
(1019, '8.9', 77, 'Septiembre', 4),
(1020, '8.8', 77, 'Septiembre', 10),
(1021, '8.2', 77, 'Septiembre', 16),
(1022, '8.5', 77, 'Septiembre', 22),
(1023, '8.5', 77, 'Septiembre', 30),
(1024, '8.5', 77, 'Septiembre', 33),
(1025, '8.5', 77, 'Septiembre', 27),
(1026, '8.5', 77, 'Septiembre', 39),
(1027, '8.5', 77, 'Septiembre', 51),
(1028, '8.5', 77, 'Septiembre', 45),
(1029, '4.0', 77, 'Septiembre', 57),
(1030, '8.0', 77, 'Octubre', 4),
(1031, '8.0', 77, 'Octubre', 10),
(1032, '6.5', 77, 'Octubre', 16),
(1033, '7.5', 77, 'Octubre', 22),
(1034, '8.0', 77, 'Octubre', 30),
(1035, '7.5', 77, 'Octubre', 33),
(1036, '8.0', 77, 'Octubre', 27),
(1037, '7.0', 77, 'Octubre', 39),
(1038, '7.0', 77, 'Octubre', 51),
(1039, '6.5', 77, 'Octubre', 45),
(1040, '5.0', 77, 'Octubre', 57),
(1041, '8.0', 77, 'Noviembre', 4),
(1042, '7.5', 77, 'Noviembre', 10),
(1043, '9.5', 77, 'Noviembre', 16),
(1044, '8.0', 77, 'Noviembre', 22),
(1045, '7.5', 77, 'Noviembre', 30),
(1046, '9.0', 77, 'Noviembre', 33),
(1047, '8.0', 77, 'Noviembre', 27),
(1048, '7.5', 77, 'Noviembre', 39),
(1049, '8.0', 77, 'Noviembre', 51),
(1050, '6.5', 77, 'Noviembre', 45),
(1051, '7.0', 77, 'Noviembre', 57),
(1052, '7.5', 77, 'Diciembre', 4),
(1053, '7.0', 77, 'Diciembre', 10),
(1054, '7.5', 77, 'Diciembre', 16),
(1055, '10.0', 77, 'Diciembre', 22),
(1056, '8.0', 77, 'Diciembre', 30),
(1057, '9.5', 77, 'Diciembre', 33),
(1058, '5.5', 77, 'Diciembre', 27),
(1059, '5.5', 77, 'Diciembre', 39),
(1060, '10.0', 77, 'Diciembre', 51),
(1061, '8.5', 77, 'Diciembre', 45),
(1062, '2.0', 77, 'Diciembre', 57),
(1063, '8.0', 77, 'Enero', 4),
(1064, '7.0', 77, 'Enero', 10),
(1065, '5.5', 77, 'Enero', 16),
(1066, '6.5', 77, 'Enero', 22),
(1067, '10.0', 77, 'Enero', 30),
(1068, '8.0', 77, 'Enero', 33),
(1069, '8.5', 77, 'Enero', 27),
(1070, '8.0', 77, 'Enero', 39),
(1071, '8.0', 77, 'Enero', 51),
(1072, '5.5', 77, 'Enero', 45),
(1073, '6.0', 77, 'Enero', 57),
(1074, '7.5', 77, 'Febrero', 4),
(1075, '7.0', 77, 'Febrero', 10),
(1076, '7.5', 77, 'Febrero', 16),
(1077, '7.5', 77, 'Febrero', 22),
(1078, '9.5', 77, 'Febrero', 30),
(1079, '6.0', 77, 'Febrero', 33),
(1080, '9.0', 77, 'Febrero', 27),
(1081, '8.5', 77, 'Febrero', 39),
(1082, '7.5', 77, 'Febrero', 51),
(1083, '7.0', 77, 'Febrero', 45),
(1084, '6.0', 77, 'Febrero', 57),
(1085, '8.0', 77, 'Marzo', 4),
(1086, '8.0', 77, 'Marzo', 10),
(1087, '7.5', 77, 'Marzo', 16),
(1088, '5.5', 77, 'Marzo', 22),
(1089, '7.5', 77, 'Marzo', 30),
(1090, '6.0', 77, 'Marzo', 33),
(1091, '8.5', 77, 'Marzo', 27),
(1092, '8.5', 77, 'Marzo', 39),
(1093, '5.0', 77, 'Marzo', 51),
(1094, '8.0', 77, 'Marzo', 45),
(1095, '0.0', 77, 'Marzo', 57),
(1096, '7.0', 77, 'Abril', 4),
(1097, '8.0', 77, 'Abril', 10),
(1098, '8.0', 77, 'Abril', 16),
(1099, '8.5', 77, 'Abril', 22),
(1100, '5.0', 77, 'Abril', 30),
(1101, '6.5', 77, 'Abril', 33),
(1102, '9.5', 77, 'Abril', 27),
(1103, '8.5', 77, 'Abril', 39),
(1104, '5.5', 77, 'Abril', 51),
(1105, '9.5', 77, 'Abril', 45),
(1106, '0.0', 77, 'Abril', 57),
(1107, '7.5', 77, 'Mayo', 4),
(1108, '7.5', 77, 'Mayo', 10),
(1109, '8.5', 77, 'Mayo', 16),
(1110, '10.0', 77, 'Mayo', 22),
(1111, '6.5', 77, 'Mayo', 30),
(1112, '8.0', 77, 'Mayo', 33),
(1113, '9.0', 77, 'Mayo', 27),
(1114, '8.5', 77, 'Mayo', 39),
(1115, '8.0', 77, 'Mayo', 51),
(1116, '8.0', 77, 'Mayo', 45),
(1117, '1.0', 77, 'Mayo', 57),
(1118, '8.0', 77, 'Junio', 4),
(1119, '8.5', 77, 'Junio', 10),
(1120, '8.5', 77, 'Junio', 16),
(1121, '8.5', 77, 'Junio', 22),
(1122, '6.0', 77, 'Junio', 30),
(1123, '6.5', 77, 'Junio', 33),
(1124, '7.5', 77, 'Junio', 27),
(1125, '8.5', 77, 'Junio', 39),
(1126, '8.5', 77, 'Junio', 51),
(1127, '8.5', 77, 'Junio', 45),
(1128, '2.0', 77, 'Junio', 57),
(1129, '9.0', 78, 'Diagnostico', 4),
(1130, '9.5', 78, 'Diagnostico', 10),
(1131, '10.0', 78, 'Diagnostico', 16),
(1132, '9.5', 78, 'Diagnostico', 22),
(1133, '7.5', 78, 'Diagnostico', 30),
(1134, '5.0', 78, 'Diagnostico', 33),
(1135, '9.5', 78, 'Diagnostico', 27),
(1136, '9.5', 78, 'Diagnostico', 39),
(1137, '8.5', 78, 'Diagnostico', 51),
(1138, '6.0', 78, 'Diagnostico', 45),
(1139, '3.0', 78, 'Diagnostico', 57),
(1140, '8.4', 78, 'Septiembre', 4),
(1141, '8.2', 78, 'Septiembre', 10),
(1142, '8.0', 78, 'Septiembre', 16),
(1143, '6.5', 78, 'Septiembre', 22),
(1144, '8.5', 78, 'Septiembre', 30),
(1145, '5.0', 78, 'Septiembre', 33),
(1146, '5.5', 78, 'Septiembre', 27),
(1147, '7.5', 78, 'Septiembre', 39),
(1148, '7.0', 78, 'Septiembre', 51),
(1149, '8.0', 78, 'Septiembre', 45),
(1150, '1.0', 78, 'Septiembre', 57),
(1151, '9.0', 78, 'Octubre', 4),
(1152, '10.0', 78, 'Octubre', 10),
(1153, '9.5', 78, 'Octubre', 16),
(1154, '9.0', 78, 'Octubre', 22),
(1155, '9.0', 78, 'Octubre', 30),
(1156, '5.0', 78, 'Octubre', 33),
(1157, '9.5', 78, 'Octubre', 27),
(1158, '8.5', 78, 'Octubre', 39),
(1159, '8.0', 78, 'Octubre', 51),
(1160, '9.0', 78, 'Octubre', 45),
(1161, '6.0', 78, 'Octubre', 57),
(1162, '8.5', 78, 'Noviembre', 4),
(1163, '8.0', 78, 'Noviembre', 10),
(1164, '8.0', 78, 'Noviembre', 16),
(1165, '8.5', 78, 'Noviembre', 22),
(1166, '9.5', 78, 'Noviembre', 30),
(1167, '10.0', 78, 'Noviembre', 33),
(1168, '9.0', 78, 'Noviembre', 27),
(1169, '8.5', 78, 'Noviembre', 39),
(1170, '9.0', 78, 'Noviembre', 51),
(1171, '9.5', 78, 'Noviembre', 45),
(1172, '9.0', 78, 'Noviembre', 57),
(1173, '7.5', 78, 'Diciembre', 4),
(1174, '9.0', 78, 'Diciembre', 10),
(1175, '8.5', 78, 'Diciembre', 16),
(1176, '9.0', 78, 'Diciembre', 22),
(1177, '9.5', 78, 'Diciembre', 30),
(1178, '8.5', 78, 'Diciembre', 33),
(1179, '9.5', 78, 'Diciembre', 27),
(1180, '9.5', 78, 'Diciembre', 39),
(1181, '9.0', 78, 'Diciembre', 51),
(1182, '9.5', 78, 'Diciembre', 45),
(1183, '8.0', 78, 'Diciembre', 57),
(1184, '8.0', 78, 'Enero', 4),
(1185, '8.5', 78, 'Enero', 10),
(1186, '8.5', 78, 'Enero', 16),
(1187, '8.5', 78, 'Enero', 22),
(1188, '8.5', 78, 'Enero', 30),
(1189, '9.5', 78, 'Enero', 33),
(1190, '9.5', 78, 'Enero', 27),
(1191, '9.5', 78, 'Enero', 39),
(1192, '8.5', 78, 'Enero', 51),
(1193, '9.5', 78, 'Enero', 45),
(1194, '8.0', 78, 'Enero', 57),
(1195, '9.0', 78, 'Febrero', 4),
(1196, '8.5', 78, 'Febrero', 10),
(1197, '8.5', 78, 'Febrero', 16),
(1198, '8.0', 78, 'Febrero', 22),
(1199, '7.5', 78, 'Febrero', 30),
(1200, '9.0', 78, 'Febrero', 33),
(1201, '7.5', 78, 'Febrero', 27),
(1202, '8.5', 78, 'Febrero', 39),
(1203, '9.0', 78, 'Febrero', 51),
(1204, '8.5', 78, 'Febrero', 45),
(1205, '1.0', 78, 'Febrero', 57),
(1206, '7.0', 78, 'Marzo', 4),
(1207, '7.0', 78, 'Marzo', 10),
(1208, '8.5', 78, 'Marzo', 16),
(1209, '8.5', 78, 'Marzo', 22),
(1210, '8.5', 78, 'Marzo', 30),
(1211, '10.0', 78, 'Marzo', 33),
(1212, '7.0', 78, 'Marzo', 27),
(1213, '7.0', 78, 'Marzo', 39),
(1214, '8.5', 78, 'Marzo', 51),
(1215, '8.0', 78, 'Marzo', 45),
(1216, '2.0', 78, 'Marzo', 57),
(1217, '9.0', 78, 'Abril', 4),
(1218, '8.5', 78, 'Abril', 10),
(1219, '9.0', 78, 'Abril', 16),
(1220, '6.0', 78, 'Abril', 22),
(1221, '8.0', 78, 'Abril', 30),
(1222, '9.5', 78, 'Abril', 33),
(1223, '8.0', 78, 'Abril', 27),
(1224, '8.5', 78, 'Abril', 39),
(1225, '8.5', 78, 'Abril', 51),
(1226, '10.0', 78, 'Abril', 45),
(1227, '1.0', 78, 'Abril', 57),
(1228, '10.0', 78, 'Mayo', 4),
(1229, '8.5', 78, 'Mayo', 10),
(1230, '8.5', 78, 'Mayo', 16),
(1231, '8.5', 78, 'Mayo', 22),
(1232, '8.0', 78, 'Mayo', 30),
(1233, '5.0', 78, 'Mayo', 33),
(1234, '5.0', 78, 'Mayo', 27),
(1235, '5.5', 78, 'Mayo', 39),
(1236, '9.5', 78, 'Mayo', 51),
(1237, '9.5', 78, 'Mayo', 45),
(1238, '4.0', 78, 'Mayo', 57),
(1239, '9.5', 78, 'Junio', 4),
(1240, '8.0', 78, 'Junio', 10),
(1241, '8.0', 78, 'Junio', 16),
(1242, '8.0', 78, 'Junio', 22),
(1243, '8.5', 78, 'Junio', 30),
(1244, '8.5', 78, 'Junio', 33),
(1245, '8.5', 78, 'Junio', 27),
(1246, '8.5', 78, 'Junio', 39),
(1247, '8.0', 78, 'Junio', 51),
(1248, '8.5', 78, 'Junio', 45),
(1249, '8.0', 78, 'Junio', 57),
(1250, '9.0', 61, 'Diagnostico', 4),
(1251, '8.5', 61, 'Diagnostico', 10),
(1252, '8.0', 61, 'Diagnostico', 16),
(1253, '8.5', 61, 'Diagnostico', 22),
(1254, '8.0', 61, 'Diagnostico', 30),
(1255, '6.5', 61, 'Diagnostico', 33),
(1256, '9.0', 61, 'Diagnostico', 27),
(1257, '9.0', 61, 'Diagnostico', 39),
(1258, '8.5', 61, 'Diagnostico', 51),
(1259, '8.5', 61, 'Diagnostico', 45),
(1260, '9.0', 61, 'Diagnostico', 57),
(1261, '8.3', 61, 'Septiembre', 4),
(1262, '8.2', 61, 'Septiembre', 10),
(1263, '8.0', 61, 'Septiembre', 16),
(1264, '8.5', 61, 'Septiembre', 22),
(1265, '8.5', 61, 'Septiembre', 30),
(1266, '5.5', 61, 'Septiembre', 33),
(1267, '9.5', 61, 'Septiembre', 27),
(1268, '8.5', 61, 'Septiembre', 39),
(1269, '8.0', 61, 'Septiembre', 51),
(1270, '9.0', 61, 'Septiembre', 45),
(1271, '1.0', 61, 'Septiembre', 57),
(1272, '9.0', 61, 'Octubre', 4),
(1273, '7.5', 61, 'Octubre', 10),
(1274, '9.0', 61, 'Octubre', 16),
(1275, '9.0', 61, 'Octubre', 22),
(1276, '9.5', 61, 'Octubre', 30),
(1277, '9.5', 61, 'Octubre', 33),
(1278, '9.0', 61, 'Octubre', 27),
(1279, '9.0', 61, 'Octubre', 39),
(1280, '9.0', 61, 'Octubre', 51),
(1281, '9.0', 61, 'Octubre', 45),
(1282, '9.0', 61, 'Octubre', 57),
(1283, '9.5', 61, 'Noviembre', 4),
(1284, '9.0', 61, 'Noviembre', 10),
(1285, '9.0', 61, 'Noviembre', 16),
(1286, '8.5', 61, 'Noviembre', 22),
(1287, '8.5', 61, 'Noviembre', 30),
(1288, '9.0', 61, 'Noviembre', 33),
(1289, '7.5', 61, 'Noviembre', 27),
(1290, '7.5', 61, 'Noviembre', 39),
(1291, '8.0', 61, 'Noviembre', 51),
(1292, '7.0', 61, 'Noviembre', 45),
(1293, '8.0', 61, 'Noviembre', 57),
(1294, '5.0', 61, 'Diciembre', 4),
(1295, '8.5', 61, 'Diciembre', 10),
(1296, '7.5', 61, 'Diciembre', 16),
(1297, '8.0', 61, 'Diciembre', 22),
(1298, '10.0', 61, 'Diciembre', 30),
(1299, '8.0', 61, 'Diciembre', 33),
(1300, '8.5', 61, 'Diciembre', 27),
(1301, '8.5', 61, 'Diciembre', 39),
(1302, '8.0', 61, 'Diciembre', 51),
(1303, '9.0', 61, 'Diciembre', 45),
(1304, '5.0', 61, 'Diciembre', 57),
(1305, '9.0', 61, 'Enero', 4),
(1306, '8.5', 61, 'Enero', 10),
(1307, '9.0', 61, 'Enero', 16),
(1308, '8.5', 61, 'Enero', 22),
(1309, '8.5', 61, 'Enero', 30),
(1310, '8.5', 61, 'Enero', 33),
(1311, '8.0', 61, 'Enero', 27),
(1312, '7.0', 61, 'Enero', 39),
(1313, '8.5', 61, 'Enero', 51),
(1314, '8.0', 61, 'Enero', 45),
(1315, '8.0', 61, 'Enero', 57),
(1316, '7.0', 61, 'Febrero', 4),
(1317, '8.0', 61, 'Febrero', 10),
(1318, '8.5', 61, 'Febrero', 16),
(1319, '7.5', 61, 'Febrero', 22),
(1320, '8.0', 61, 'Febrero', 30),
(1321, '8.5', 61, 'Febrero', 33),
(1322, '7.5', 61, 'Febrero', 27),
(1323, '8.5', 61, 'Febrero', 39),
(1324, '8.5', 61, 'Febrero', 51),
(1325, '8.5', 61, 'Febrero', 45),
(1326, '7.0', 61, 'Febrero', 57),
(1327, '7.5', 61, 'Marzo', 4),
(1328, '8.0', 61, 'Marzo', 10),
(1329, '7.5', 61, 'Marzo', 16),
(1330, '8.5', 61, 'Marzo', 22),
(1331, '8.0', 61, 'Marzo', 30),
(1332, '8.5', 61, 'Marzo', 33),
(1333, '5.0', 61, 'Marzo', 27),
(1334, '5.5', 61, 'Marzo', 39),
(1335, '8.0', 61, 'Marzo', 51),
(1336, '8.0', 61, 'Marzo', 45),
(1337, '1.0', 61, 'Marzo', 57),
(1338, '9.0', 61, 'Abril', 4),
(1339, '9.0', 61, 'Abril', 10),
(1340, '9.5', 61, 'Abril', 16),
(1341, '8.5', 61, 'Abril', 22),
(1342, '5.5', 61, 'Abril', 30),
(1343, '6.5', 61, 'Abril', 33),
(1344, '9.0', 61, 'Abril', 27),
(1345, '9.0', 61, 'Abril', 39),
(1346, '8.5', 61, 'Abril', 51),
(1347, '7.0', 61, 'Abril', 45),
(1348, '0.0', 61, 'Abril', 57),
(1349, '8.5', 61, 'Mayo', 4),
(1350, '8.5', 61, 'Mayo', 10),
(1351, '7.5', 61, 'Mayo', 16),
(1352, '9.5', 61, 'Mayo', 22),
(1353, '5.5', 61, 'Mayo', 30),
(1354, '6.0', 61, 'Mayo', 33),
(1355, '8.5', 61, 'Mayo', 27),
(1356, '9.0', 61, 'Mayo', 39),
(1357, '9.5', 61, 'Mayo', 51),
(1358, '9.0', 61, 'Mayo', 45),
(1359, '0.0', 61, 'Mayo', 57),
(1360, '7.5', 61, 'Junio', 4),
(1361, '7.5', 61, 'Junio', 10),
(1362, '7.5', 61, 'Junio', 16),
(1363, '7.5', 61, 'Junio', 22),
(1364, '6.5', 61, 'Junio', 30),
(1365, '6.0', 61, 'Junio', 33),
(1366, '10.0', 61, 'Junio', 27),
(1367, '9.0', 61, 'Junio', 39),
(1368, '9.5', 61, 'Junio', 51),
(1369, '8.5', 61, 'Junio', 45),
(1370, '0.0', 61, 'Junio', 57),
(1371, '8.0', 62, 'Diagnostico', 4),
(1372, '8.5', 62, 'Diagnostico', 10),
(1373, '8.5', 62, 'Diagnostico', 16),
(1374, '8.5', 62, 'Diagnostico', 22),
(1375, '8.0', 62, 'Diagnostico', 30),
(1376, '6.5', 62, 'Diagnostico', 33),
(1377, '9.5', 62, 'Diagnostico', 27),
(1378, '9.0', 62, 'Diagnostico', 39),
(1379, '9.0', 62, 'Diagnostico', 51),
(1380, '9.0', 62, 'Diagnostico', 45),
(1381, '9.0', 62, 'Diagnostico', 57),
(1382, '8.5', 62, 'Septiembre', 4),
(1383, '8.4', 62, 'Septiembre', 10),
(1384, '8.3', 62, 'Septiembre', 16),
(1385, '8.0', 62, 'Septiembre', 22),
(1386, '9.0', 62, 'Septiembre', 30),
(1387, '7.5', 62, 'Septiembre', 33),
(1388, '9.0', 62, 'Septiembre', 27),
(1389, '7.5', 62, 'Septiembre', 39),
(1390, '8.0', 62, 'Septiembre', 51),
(1391, '8.0', 62, 'Septiembre', 45),
(1392, '0.0', 62, 'Septiembre', 57),
(1393, '6.5', 62, 'Octubre', 4),
(1394, '8.5', 62, 'Octubre', 10),
(1395, '8.0', 62, 'Octubre', 16),
(1396, '8.5', 62, 'Octubre', 22),
(1397, '9.5', 62, 'Octubre', 30),
(1398, '6.0', 62, 'Octubre', 33),
(1399, '10.0', 62, 'Octubre', 27),
(1400, '9.0', 62, 'Octubre', 39),
(1401, '9.0', 62, 'Octubre', 51),
(1402, '9.5', 62, 'Octubre', 45),
(1403, '0.0', 62, 'Octubre', 57),
(1404, '7.0', 62, 'Noviembre', 4),
(1405, '6.0', 62, 'Noviembre', 10),
(1406, '5.5', 62, 'Noviembre', 16),
(1407, '9.5', 62, 'Noviembre', 22),
(1408, '7.5', 62, 'Noviembre', 30),
(1409, '5.5', 62, 'Noviembre', 33),
(1410, '9.5', 62, 'Noviembre', 27),
(1411, '8.5', 62, 'Noviembre', 39),
(1412, '8.5', 62, 'Noviembre', 51),
(1413, '7.5', 62, 'Noviembre', 45),
(1414, '5.0', 62, 'Noviembre', 57),
(1415, '6.5', 62, 'Diciembre', 4),
(1416, '7.0', 62, 'Diciembre', 10),
(1417, '6.0', 62, 'Diciembre', 16),
(1418, '6.0', 62, 'Diciembre', 22),
(1419, '6.5', 62, 'Diciembre', 30),
(1420, '5.5', 62, 'Diciembre', 33),
(1421, '8.5', 62, 'Diciembre', 27),
(1422, '9.0', 62, 'Diciembre', 39),
(1423, '8.5', 62, 'Diciembre', 51),
(1424, '7.0', 62, 'Diciembre', 45),
(1425, '1.0', 62, 'Diciembre', 57),
(1426, '7.5', 62, 'Enero', 4),
(1427, '8.5', 62, 'Enero', 10),
(1428, '7.0', 62, 'Enero', 16),
(1429, '7.0', 62, 'Enero', 22),
(1430, '9.0', 62, 'Enero', 30),
(1431, '5.0', 62, 'Enero', 33),
(1432, '8.5', 62, 'Enero', 27),
(1433, '8.0', 62, 'Enero', 39),
(1434, '9.0', 62, 'Enero', 51),
(1435, '6.5', 62, 'Enero', 45),
(1436, '0.0', 62, 'Enero', 57),
(1437, '8.5', 62, 'Febrero', 4),
(1438, '7.5', 62, 'Febrero', 10),
(1439, '8.0', 62, 'Febrero', 16),
(1440, '7.5', 62, 'Febrero', 22),
(1441, '7.5', 62, 'Febrero', 30),
(1442, '10.0', 62, 'Febrero', 33),
(1443, '8.5', 62, 'Febrero', 27),
(1444, '8.0', 62, 'Febrero', 39),
(1445, '8.0', 62, 'Febrero', 51),
(1446, '8.5', 62, 'Febrero', 45),
(1447, '4.0', 62, 'Febrero', 57),
(1448, '6.5', 62, 'Marzo', 4),
(1449, '7.0', 62, 'Marzo', 10),
(1450, '8.0', 62, 'Marzo', 16),
(1451, '8.0', 62, 'Marzo', 22),
(1452, '8.0', 62, 'Marzo', 30),
(1453, '8.0', 62, 'Marzo', 33),
(1454, '5.5', 62, 'Marzo', 27),
(1455, '6.0', 62, 'Marzo', 39),
(1456, '8.5', 62, 'Marzo', 51),
(1457, '7.0', 62, 'Marzo', 45),
(1458, '1.0', 62, 'Marzo', 57),
(1459, '7.5', 62, 'Abril', 4),
(1460, '7.5', 62, 'Abril', 10),
(1461, '6.5', 62, 'Abril', 16),
(1462, '5.5', 62, 'Abril', 22),
(1463, '6.5', 62, 'Abril', 30),
(1464, '9.5', 62, 'Abril', 33),
(1465, '6.5', 62, 'Abril', 27),
(1466, '7.5', 62, 'Abril', 39),
(1467, '6.0', 62, 'Abril', 51),
(1468, '7.5', 62, 'Abril', 45),
(1469, '0.0', 62, 'Abril', 57),
(1470, '9.0', 62, 'Mayo', 4),
(1471, '7.5', 62, 'Mayo', 10),
(1472, '7.5', 62, 'Mayo', 16),
(1473, '8.0', 62, 'Mayo', 22),
(1474, '7.0', 62, 'Mayo', 30),
(1475, '6.5', 62, 'Mayo', 33),
(1476, '7.0', 62, 'Mayo', 27),
(1477, '7.0', 62, 'Mayo', 39),
(1478, '6.5', 62, 'Mayo', 51),
(1479, '7.5', 62, 'Mayo', 45),
(1480, '5.0', 62, 'Mayo', 57),
(1481, '8.0', 62, 'Junio', 4),
(1482, '6.5', 62, 'Junio', 10),
(1483, '8.0', 62, 'Junio', 16),
(1484, '8.0', 62, 'Junio', 22),
(1485, '5.5', 62, 'Junio', 30),
(1486, '9.5', 62, 'Junio', 33),
(1487, '6.5', 62, 'Junio', 27),
(1488, '9.5', 62, 'Junio', 39),
(1489, '6.0', 62, 'Junio', 51),
(1490, '8.0', 62, 'Junio', 45),
(1491, '9.0', 62, 'Junio', 57),
(1492, '8.4', 33, 'Diagnostico', 3),
(1493, '8.2', 33, 'Diagnostico', 9),
(1494, '8.3', 33, 'Diagnostico', 15),
(1495, '8.7', 33, 'Diagnostico', 15),
(1496, '8.5', 33, 'Diagnostico', 38),
(1497, '8.4', 33, 'Diagnostico', 50),
(1498, '8.3', 33, 'Diagnostico', 44),
(1499, '9.0', 33, 'Diagnostico', 56),
(1500, '8.0', 33, 'Septiembre', 3),
(1501, '6.4', 33, 'Septiembre', 9),
(1502, '6.8', 33, 'Septiembre', 15),
(1503, '7.9', 33, 'Septiembre', 15),
(1504, '8.0', 33, 'Septiembre', 38),
(1505, '7.7', 33, 'Septiembre', 50),
(1506, '8.0', 33, 'Septiembre', 44),
(1507, '1.0', 33, 'Septiembre', 56),
(1508, '7.9', 33, 'Octubre', 3),
(1509, '7.8', 33, 'Octubre', 9),
(1510, '7.6', 33, 'Octubre', 15),
(1511, '7.6', 33, 'Octubre', 15),
(1512, '8.1', 33, 'Octubre', 38),
(1513, '7.8', 33, 'Octubre', 50),
(1514, '8.0', 33, 'Octubre', 44),
(1515, '0.0', 33, 'Octubre', 56),
(1516, '8.2', 33, 'Noviembre', 3),
(1517, '8.1', 33, 'Noviembre', 9),
(1518, '8.0', 33, 'Noviembre', 15),
(1519, '7.9', 33, 'Noviembre', 15),
(1520, '8.3', 33, 'Noviembre', 38),
(1521, '8.1', 33, 'Noviembre', 50),
(1522, '8.3', 33, 'Noviembre', 44),
(1523, '0.0', 33, 'Noviembre', 56),
(1524, '8.4', 33, 'Diciembre', 3),
(1525, '8.2', 33, 'Diciembre', 9),
(1526, '7.9', 33, 'Diciembre', 15),
(1527, '8.0', 33, 'Diciembre', 15),
(1528, '8.3', 33, 'Diciembre', 38),
(1529, '8.2', 33, 'Diciembre', 50),
(1530, '8.3', 33, 'Diciembre', 44),
(1531, '0.0', 33, 'Diciembre', 56),
(1532, '8.2', 33, 'Enero', 3),
(1533, '8.0', 33, 'Enero', 9),
(1534, '7.9', 33, 'Enero', 15),
(1535, '7.9', 33, 'Enero', 15),
(1536, '8.0', 33, 'Enero', 38),
(1537, '7.9', 33, 'Enero', 50),
(1538, '8.2', 33, 'Enero', 44),
(1539, '2.0', 33, 'Enero', 56),
(1540, '8.6', 33, 'Febrero', 3),
(1541, '8.3', 33, 'Febrero', 9),
(1542, '8.2', 33, 'Febrero', 15),
(1543, '8.0', 33, 'Febrero', 15),
(1544, '8.5', 33, 'Febrero', 38),
(1545, '8.4', 33, 'Febrero', 50),
(1546, '8.4', 33, 'Febrero', 44),
(1547, '2.0', 33, 'Febrero', 56),
(1548, '8.4', 33, 'Marzo', 3),
(1549, '8.3', 33, 'Marzo', 9),
(1550, '8.1', 33, 'Marzo', 15),
(1551, '9.5', 33, 'Marzo', 15),
(1552, '9.7', 33, 'Marzo', 38),
(1553, '9.5', 33, 'Marzo', 50),
(1554, '9.7', 33, 'Marzo', 44),
(1555, '1.0', 33, 'Marzo', 56),
(1556, '8.1', 33, 'Abril', 3),
(1557, '7.9', 33, 'Abril', 9),
(1558, '8.0', 33, 'Abril', 15),
(1559, '8.0', 33, 'Abril', 15),
(1560, '8.5', 33, 'Abril', 38),
(1561, '8.2', 33, 'Abril', 50),
(1562, '8.2', 33, 'Abril', 44),
(1563, '1.0', 33, 'Abril', 56),
(1564, '8.1', 33, 'Mayo', 3),
(1565, '7.7', 33, 'Mayo', 9),
(1566, '7.5', 33, 'Mayo', 15),
(1567, '7.7', 33, 'Mayo', 15),
(1568, '8.3', 33, 'Mayo', 38),
(1569, '7.9', 33, 'Mayo', 50),
(1570, '8.1', 33, 'Mayo', 44),
(1571, '1.0', 33, 'Mayo', 56),
(1572, '7.9', 33, 'Junio', 3),
(1573, '9.2', 33, 'Junio', 9),
(1574, '9.2', 33, 'Junio', 15),
(1575, '9.1', 33, 'Junio', 15),
(1576, '9.0', 33, 'Junio', 38),
(1577, '8.5', 33, 'Junio', 50),
(1578, '8.7', 33, 'Junio', 44),
(1579, '0.0', 33, 'Junio', 56),
(1580, '8.0', 47, 'Diagnostico', 3),
(1581, '7.8', 47, 'Diagnostico', 9),
(1582, '8.0', 47, 'Diagnostico', 15),
(1583, '7.9', 47, 'Diagnostico', 15),
(1584, '8.3', 47, 'Diagnostico', 38),
(1585, '7.6', 47, 'Diagnostico', 50),
(1586, '8.1', 47, 'Diagnostico', 44),
(1587, '1.0', 47, 'Diagnostico', 56),
(1588, '8.1', 47, 'Septiembre', 3),
(1589, '8.1', 47, 'Septiembre', 9),
(1590, '8.1', 47, 'Septiembre', 15),
(1591, '8.0', 47, 'Septiembre', 15),
(1592, '9.1', 47, 'Septiembre', 38),
(1593, '9.2', 47, 'Septiembre', 50),
(1594, '9.0', 47, 'Septiembre', 44),
(1595, '8.0', 47, 'Septiembre', 56),
(1596, '8.2', 47, 'Octubre', 3),
(1597, '8.2', 47, 'Octubre', 9),
(1598, '8.1', 47, 'Octubre', 15),
(1599, '8.2', 47, 'Octubre', 15),
(1600, '8.3', 47, 'Octubre', 38),
(1601, '7.9', 47, 'Octubre', 50),
(1602, '8.2', 47, 'Octubre', 44),
(1603, '4.0', 47, 'Octubre', 56),
(1604, '8.1', 47, 'Noviembre', 3),
(1605, '7.9', 47, 'Noviembre', 9),
(1606, '7.8', 47, 'Noviembre', 15),
(1607, '7.8', 47, 'Noviembre', 15),
(1608, '8.1', 47, 'Noviembre', 38),
(1609, '7.9', 47, 'Noviembre', 50),
(1610, '8.0', 47, 'Noviembre', 44),
(1611, '0.0', 47, 'Noviembre', 56),
(1612, '8.0', 47, 'Diciembre', 3),
(1613, '8.0', 47, 'Diciembre', 9),
(1614, '7.7', 47, 'Diciembre', 15),
(1615, '9.1', 47, 'Diciembre', 15),
(1616, '8.9', 47, 'Diciembre', 38),
(1617, '9.3', 47, 'Diciembre', 50),
(1618, '9.5', 47, 'Diciembre', 44),
(1619, '8.0', 47, 'Diciembre', 56),
(1620, '8.0', 47, 'Enero', 3),
(1621, '7.8', 47, 'Enero', 9),
(1622, '7.7', 47, 'Enero', 15),
(1623, '7.6', 47, 'Enero', 15),
(1624, '8.2', 47, 'Enero', 38),
(1625, '8.0', 47, 'Enero', 50),
(1626, '7.9', 47, 'Enero', 44),
(1627, '1.0', 47, 'Enero', 56),
(1628, '8.6', 47, 'Febrero', 3),
(1629, '8.8', 47, 'Febrero', 9),
(1630, '8.9', 47, 'Febrero', 15),
(1631, '8.8', 47, 'Febrero', 15),
(1632, '8.7', 47, 'Febrero', 38),
(1633, '8.0', 47, 'Febrero', 50),
(1634, '8.3', 47, 'Febrero', 44),
(1635, '1.0', 47, 'Febrero', 56),
(1636, '6.0', 47, 'Marzo', 3),
(1637, '7.6', 47, 'Marzo', 9),
(1638, '5.7', 47, 'Marzo', 15),
(1639, '5.7', 47, 'Marzo', 15),
(1640, '9.4', 47, 'Marzo', 38),
(1641, '7.8', 47, 'Marzo', 50),
(1642, '8.3', 47, 'Marzo', 44),
(1643, '2.0', 47, 'Marzo', 56),
(1644, '7.7', 47, 'Abril', 3),
(1645, '9.0', 47, 'Abril', 9),
(1646, '5.3', 47, 'Abril', 15),
(1647, '8.5', 47, 'Abril', 15),
(1648, '8.3', 47, 'Abril', 38),
(1649, '7.8', 47, 'Abril', 50),
(1650, '8.1', 47, 'Abril', 44),
(1651, '2.0', 47, 'Abril', 56),
(1652, '8.1', 47, 'Mayo', 3),
(1653, '7.8', 47, 'Mayo', 9),
(1654, '7.9', 47, 'Mayo', 15),
(1655, '7.8', 47, 'Mayo', 15),
(1656, '8.2', 47, 'Mayo', 38),
(1657, '8.3', 47, 'Mayo', 50),
(1658, '9.0', 47, 'Mayo', 44),
(1659, '0.0', 47, 'Mayo', 56),
(1660, '8.1', 47, 'Junio', 3),
(1661, '8.0', 47, 'Junio', 9),
(1662, '7.8', 47, 'Junio', 15),
(1663, '7.7', 47, 'Junio', 15),
(1664, '8.5', 47, 'Junio', 38),
(1665, '7.8', 47, 'Junio', 50),
(1666, '8.2', 47, 'Junio', 44),
(1667, '0.0', 47, 'Junio', 56),
(1668, '8.6', 48, 'Diagnostico', 3),
(1669, '8.4', 48, 'Diagnostico', 9),
(1670, '8.0', 48, 'Diagnostico', 15),
(1671, '8.1', 48, 'Diagnostico', 15),
(1672, '8.5', 48, 'Diagnostico', 38),
(1673, '8.4', 48, 'Diagnostico', 50),
(1674, '8.4', 48, 'Diagnostico', 44),
(1675, '3.0', 48, 'Diagnostico', 56),
(1676, '8.3', 48, 'Septiembre', 3),
(1677, '8.4', 48, 'Septiembre', 9),
(1678, '8.2', 48, 'Septiembre', 15),
(1679, '8.2', 48, 'Septiembre', 15),
(1680, '8.7', 48, 'Septiembre', 38),
(1681, '8.3', 48, 'Septiembre', 50),
(1682, '8.3', 48, 'Septiembre', 44),
(1683, '2.0', 48, 'Septiembre', 56),
(1684, '8.7', 48, 'Octubre', 3),
(1685, '8.8', 48, 'Octubre', 9),
(1686, '8.5', 48, 'Octubre', 15),
(1687, '8.4', 48, 'Octubre', 15),
(1688, '9.3', 48, 'Octubre', 38),
(1689, '7.8', 48, 'Octubre', 50),
(1690, '8.0', 48, 'Octubre', 44),
(1691, '2.0', 48, 'Octubre', 56),
(1692, '8.4', 48, 'Noviembre', 3),
(1693, '8.5', 48, 'Noviembre', 9),
(1694, '8.3', 48, 'Noviembre', 15),
(1695, '8.1', 48, 'Noviembre', 15),
(1696, '8.4', 48, 'Noviembre', 38),
(1697, '8.0', 48, 'Noviembre', 50),
(1698, '8.3', 48, 'Noviembre', 44),
(1699, '3.0', 48, 'Noviembre', 56),
(1700, '8.5', 48, 'Diciembre', 3),
(1701, '8.5', 48, 'Diciembre', 9),
(1702, '8.3', 48, 'Diciembre', 15),
(1703, '8.1', 48, 'Diciembre', 15),
(1704, '8.6', 48, 'Diciembre', 38),
(1705, '8.2', 48, 'Diciembre', 50),
(1706, '8.4', 48, 'Diciembre', 44),
(1707, '1.0', 48, 'Diciembre', 56),
(1708, '8.5', 48, 'Enero', 3),
(1709, '8.3', 48, 'Enero', 9),
(1710, '8.1', 48, 'Enero', 15),
(1711, '8.1', 48, 'Enero', 15),
(1712, '8.4', 48, 'Enero', 38),
(1713, '8.3', 48, 'Enero', 50),
(1714, '8.3', 48, 'Enero', 44),
(1715, '3.0', 48, 'Enero', 56),
(1716, '8.4', 48, 'Febrero', 3),
(1717, '8.0', 48, 'Febrero', 9),
(1718, '7.5', 48, 'Febrero', 15),
(1719, '6.2', 48, 'Febrero', 15),
(1720, '8.7', 48, 'Febrero', 38),
(1721, '7.8', 48, 'Febrero', 50),
(1722, '8.1', 48, 'Febrero', 44),
(1723, '3.0', 48, 'Febrero', 56),
(1724, '8.7', 48, 'Marzo', 3),
(1725, '9.7', 48, 'Marzo', 9),
(1726, '9.4', 48, 'Marzo', 15),
(1727, '9.0', 48, 'Marzo', 15),
(1728, '8.9', 48, 'Marzo', 38),
(1729, '8.4', 48, 'Marzo', 50),
(1730, '8.3', 48, 'Marzo', 44),
(1731, '0.0', 48, 'Marzo', 56),
(1732, '8.5', 48, 'Abril', 3),
(1733, '8.2', 48, 'Abril', 9),
(1734, '8.2', 48, 'Abril', 15),
(1735, '8.1', 48, 'Abril', 15),
(1736, '8.7', 48, 'Abril', 38),
(1737, '8.3', 48, 'Abril', 50),
(1738, '8.3', 48, 'Abril', 44),
(1739, '2.0', 48, 'Abril', 56),
(1740, '8.0', 48, 'Mayo', 3),
(1741, '8.0', 48, 'Mayo', 9),
(1742, '7.8', 48, 'Mayo', 15),
(1743, '7.5', 48, 'Mayo', 15),
(1744, '6.1', 48, 'Mayo', 38),
(1745, '5.5', 48, 'Mayo', 50),
(1746, '7.6', 48, 'Mayo', 44),
(1747, '2.0', 48, 'Mayo', 56),
(1748, '8.1', 48, 'Junio', 3),
(1749, '9.0', 48, 'Junio', 9),
(1750, '8.8', 48, 'Junio', 15),
(1751, '8.2', 48, 'Junio', 15),
(1752, '8.4', 48, 'Junio', 38),
(1753, '7.5', 48, 'Junio', 50),
(1754, '8.2', 48, 'Junio', 44),
(1755, '1.0', 48, 'Junio', 56),
(1756, '9.3', 50, 'Diagnostico', 3),
(1757, '8.8', 50, 'Diagnostico', 9),
(1758, '8.4', 50, 'Diagnostico', 15),
(1759, '5.7', 50, 'Diagnostico', 15),
(1760, '7.8', 50, 'Diagnostico', 38),
(1761, '8.3', 50, 'Diagnostico', 50),
(1762, '5.1', 50, 'Diagnostico', 44),
(1763, '1.0', 50, 'Diagnostico', 56),
(1764, '8.8', 9, 'Diagnostico', 3),
(1765, '8.5', 9, 'Diagnostico', 9),
(1766, '8.1', 9, 'Diagnostico', 15),
(1767, '8.2', 9, 'Diagnostico', 21),
(1768, '5.5', 9, 'Diagnostico', 25),
(1769, '8.9', 9, 'Diagnostico', 26),
(1770, '5.6', 9, 'Diagnostico', 38),
(1771, '9.5', 9, 'Diagnostico', 50),
(1772, '7.8', 9, 'Diagnostico', 44),
(1773, '2.0', 9, 'Diagnostico', 56);

-- --------------------------------------------------------

--
-- Estructura de tabla para la tabla `grado`
--

CREATE TABLE IF NOT EXISTS `grado` (
  `idGrado` int(11) NOT NULL AUTO_INCREMENT,
  `grado` varchar(1) NOT NULL,
  `grupo` varchar(1) NOT NULL,
  `idMaestros` int(11) NOT NULL,
  PRIMARY KEY (`idGrado`),
  KEY `fk_idMaestros` (`idMaestros`)
) ENGINE=InnoDB  DEFAULT CHARSET=latin1 AUTO_INCREMENT=7 ;

--
-- Volcado de datos para la tabla `grado`
--

INSERT INTO `grado` (`idGrado`, `grado`, `grupo`, `idMaestros`) VALUES
(1, '1', 'A', 1),
(2, '2', 'A', 2),
(3, '3', 'A', 3),
(4, '4', 'A', 4),
(5, '5', 'A', 5),
(6, '6', 'A', 6);

-- --------------------------------------------------------

--
-- Estructura de tabla para la tabla `maestros`
--

CREATE TABLE IF NOT EXISTS `maestros` (
  `idMaestros` int(11) NOT NULL AUTO_INCREMENT,
  `nombre` varchar(20) NOT NULL,
  `ApellidoP` varchar(20) NOT NULL,
  `ApellidoM` varchar(20) NOT NULL,
  `calle` varchar(50) NOT NULL,
  `colonia` varchar(50) NOT NULL,
  `numExt` varchar(5) DEFAULT NULL,
  `cp` varchar(5) NOT NULL,
  `telefono` varchar(10) DEFAULT NULL,
  `Celular` varchar(10) DEFAULT NULL,
  `Email` varchar(50) NOT NULL,
  `gradoEncargado` int(1) NOT NULL,
  `Profesion` varchar(50) NOT NULL,
  `FechNac` date NOT NULL,
  `RFC` varchar(18) NOT NULL,
  PRIMARY KEY (`idMaestros`),
  UNIQUE KEY `RFC` (`RFC`)
) ENGINE=InnoDB  DEFAULT CHARSET=latin1 AUTO_INCREMENT=7 ;

--
-- Volcado de datos para la tabla `maestros`
--

INSERT INTO `maestros` (`idMaestros`, `nombre`, `ApellidoP`, `ApellidoM`, `calle`, `colonia`, `numExt`, `cp`, `telefono`, `Celular`, `Email`, `gradoEncargado`, `Profesion`, `FechNac`, `RFC`) VALUES
(1, 'José', 'Jacinto', 'Cuevas', 'Morteros', 'Marroquin', '70', '39640', '1587496', '744610125', 'jjCuevas@hotmail.com', 1, 'Lic. en Educación Primaria', '1972-07-30', 'JJCM720730TE'),
(2, 'Lucia', 'Figueroa', 'Pineda', 'SONORA', 'PROGRESO', '76', '39350', '1900893', '744763789', 'luciFigP43@outlock.com', 2, 'Lic. en Educación Primaria', '1967-03-25', 'LFPU670325'),
(3, 'Rafael', 'Ramírez', 'Castañeda', 'AQUILES SERDÁN', 'SANTA DOROTE', '49', '39970', '1479632', '744827307', 'RafaCast100@hotmail.com', 3, 'Lic. en Educación Primaria', '1977-04-11', 'RRFP770411QO'),
(4, 'Ana Lilia', 'Morales', 'Simon', 'AV. 20 DE NOVIEMBRE', 'CENTRO', '1024', '39300', '9856731', '744637219', 'Ana_lilia@gmail.com', 4, 'Lic. en Educación Primaria', '1971-01-03', 'ALMS710103BG'),
(5, 'Alberto Daniel', 'Fuentes', 'Dávila', 'IGNACIO MATIAS', 'MA. LUISA', '6', '39122', '1157496', '744732275', 'Fuentes-Albert@gmail.com', 5, 'Lic. en Educación Primaria', '1974-11-09', 'ADFD741109QW'),
(6, 'Fabiola', 'Torres', 'Quintero', 'AV INDEPENDENCIA', 'CENTRO', '545', '39450', '1140833', '744793122', 'fabi_tq90@live.com.mx', 6, 'Lic. en Educación Primaria', '1970-09-18', 'FTQH700918MB');

-- --------------------------------------------------------

--
-- Estructura de tabla para la tabla `materias`
--

CREATE TABLE IF NOT EXISTS `materias` (
  `idMaterias` int(11) NOT NULL AUTO_INCREMENT,
  `nombre` varchar(50) NOT NULL,
  `idGrado` int(11) NOT NULL,
  PRIMARY KEY (`idMaterias`),
  KEY `fk_idGrado` (`idGrado`)
) ENGINE=InnoDB  DEFAULT CHARSET=latin1 AUTO_INCREMENT=60 ;

--
-- Volcado de datos para la tabla `materias`
--

INSERT INTO `materias` (`idMaterias`, `nombre`, `idGrado`) VALUES
(1, 'Español', 1),
(2, 'Español', 2),
(3, 'Español', 3),
(4, 'Español', 4),
(5, 'Español', 5),
(6, 'Español', 6),
(7, 'Matematicas', 1),
(8, 'Matematicas', 2),
(9, 'Matematicas', 3),
(10, 'Matematicas', 4),
(11, 'Matematicas', 5),
(12, 'Matematicas', 6),
(13, 'Ingles', 1),
(14, 'Ingles', 2),
(15, 'Ingles', 3),
(16, 'Ingles', 4),
(17, 'Ingles', 5),
(18, 'Ingles', 6),
(19, 'Conocimiento del medio', 1),
(20, 'Conocimiento del medio', 2),
(21, 'Ciencias Naturales', 3),
(22, 'Ciencias Naturales', 4),
(23, 'Ciencias Naturales', 5),
(24, 'Ciencias Naturales', 6),
(25, 'La entidad donde vivo', 3),
(26, 'Formación Cívica y Ética', 3),
(27, 'Formación Cívica y Ética', 4),
(28, 'Formación Cívica y Ética', 5),
(29, 'Formación Cívica y Ética', 6),
(30, 'Geografía', 4),
(31, 'Geografía', 5),
(32, 'Geografía', 6),
(33, 'Historia', 4),
(34, 'Historia', 5),
(35, 'Historia', 6),
(36, 'Artes', 1),
(37, 'Artes', 2),
(38, 'Artes', 3),
(39, 'Artes', 4),
(40, 'Artes', 5),
(41, 'Artes', 6),
(42, 'Educación Socioemocional', 1),
(43, 'Educación Socioemocional', 2),
(44, 'Educación Socioemocional', 3),
(45, 'Educación Socioemocional', 4),
(46, 'Educación Socioemocional', 5),
(47, 'Educación Socioemocional', 6),
(48, 'Educación Física', 1),
(49, 'Educación Física', 2),
(50, 'Educación Física', 3),
(51, 'Educación Física', 4),
(52, 'Educación Física', 5),
(53, 'Educación Física', 6),
(54, 'Inasistencia', 1),
(55, 'Inasistencia', 2),
(56, 'Inasistencia', 3),
(57, 'Inasistencia', 4),
(58, 'Inasistencia', 5),
(59, 'Inasistencia', 6);

-- --------------------------------------------------------

--
-- Estructura de tabla para la tabla `padres`
--

CREATE TABLE IF NOT EXISTS `padres` (
  `idPadres` int(11) NOT NULL AUTO_INCREMENT,
  `nombre` varchar(20) NOT NULL,
  `ApellidoP` varchar(20) NOT NULL,
  `ApellidoM` varchar(20) NOT NULL,
  `lugTrabajo` varchar(30) NOT NULL,
  `Profesion` varchar(30) DEFAULT NULL,
  `telefono` varchar(10) DEFAULT NULL,
  `Celular` varchar(10) DEFAULT NULL,
  `Calle` varchar(50) NOT NULL,
  `Colonia` varchar(50) NOT NULL,
  `NumExt` varchar(5) DEFAULT NULL,
  `cp` varchar(5) NOT NULL,
  PRIMARY KEY (`idPadres`)
) ENGINE=InnoDB  DEFAULT CHARSET=latin1 AUTO_INCREMENT=96 ;

--
-- Volcado de datos para la tabla `padres`
--

INSERT INTO `padres` (`idPadres`, `nombre`, `ApellidoP`, `ApellidoM`, `lugTrabajo`, `Profesion`, `telefono`, `Celular`, `Calle`, `Colonia`, `NumExt`, `cp`) VALUES
(1, ' NATIVIDAD', 'FUENTES', ' ALMAZAN', 'Hogar', 'Ama de casa', '7441212567', '7441900877', 'Venezuela', 'Vista Alegre', '34', '39855'),
(2, ' NOE', 'FLORES ', 'LEYVA', 'Homex', 'Lic Arquitectura', '7448596112', '7449638874', 'Guadalupe', 'Nueva Linea', '670', '39809'),
(3, 'JUAN', 'MATEO ', 'BENITEZ', 'Palacio de Justicia', 'Lic Derecho', '7444412035', '7449987562', 'AGUSTIN LARA', 'TUXTEPEC', '69', '39766'),
(4, 'JOSEFINA ', 'ENRIQUEZ ', 'PEREZ', 'NEGOCIO PROPIO', 'COMERCIANTE', '7448779652', '7445697123', 'INDEPENDENCIA', 'CENTRO', '779', '39867'),
(5, 'VICTORIA EUGENIA ', 'CUEVAS ', 'JIMENEZ', 'NEGOCIO PROPIO', 'VENDEDOR', '7448592145', '7448522157', '20 DE NOVIEMBRE', 'LAS PLAYAS', '1024', '39800'),
(6, 'MARIO ALBERTO', 'GALARCE ', 'NAVA', 'ESCUELA EMILIANO ZAPATA', 'PROFESOR DE INGLES', '7441005789', '7449685270', 'ROMA', 'PEDREGOSO', '09', '39080'),
(7, 'ISIDRO ', 'BRAVO ', 'UBIETA', 'PIZZAS REAL', 'REPARTIDOR', '7448264150', '7440398157', 'ZARAGOZA', 'LA PIRAGUA', '1010', '39451'),
(8, 'IVONNE ', 'JUAREZ ', 'GAVITO', 'HOTEL TORTUGA', 'RESEPCIONISTA', '7441235478', '7443216548', 'MATAMOROS', 'CENTRO', '310', '39123'),
(9, 'HECTOR IGNACIO ', 'GOMEZ ', 'FUENTES', 'AYUNTAMIENTO', 'POLICIA', '7441185214', '7440444482', 'BENITO JUAREZ', 'LOS ANGELES ', '1447', '39542'),
(10, 'MA DEL REFUGIO ', 'ARREOLA FEREGRINO', 'FEREGRINO', 'HOTEL ISLA BONITA', 'GERENTE GENERAL', '7449872131', '7440354857', '5 DE MAYO', 'CENTRO', '545', '39891'),
(11, 'JUAN CARLOS', 'OLIVO ', 'FERNANDEZ', 'IBM CORPORATION', 'ING ELECTROMECANICO', '7441852321', '7442184780', 'MORELOS', 'SINALOA', '251', '78961'),
(12, 'SERGIO ', 'GOMEZ ', 'SOLIS', 'CONDOMINIO LAS BRISAS', 'JEFE DE MANTENIMIENTO', '7441020304', '7446523010', 'ALDAMA', 'CENTRO', '147', '39562'),
(13, 'JOSE', 'PEREZ', 'GONZALEZ', 'CASUNI', 'ING DE CAMPO', '7446482138', '7449856125', 'LIBERTAD', 'COSTA GRANDE', '415', '39658'),
(14, 'MARIA ISABEL', 'AGUILAR ', 'AGUILAR ', 'HOTEL EMPORIO', 'SUPERVISORA', '7448526892', '5541102042', 'SALAMANCA', 'BELLAVISTA', '90', '39652'),
(15, 'OSCAR', ' ARREOLA ', 'PEREGRINA', 'RESTAURANTE EL RECUERDO', 'MESERO', '7442513698', '7442031958', 'CALLE 5', 'CENTRO', '45', '39820'),
(16, 'ENRIQUE ', 'RODRIGUEZ ', 'CABRERA', 'HOTEL EL PRESIDENTE', 'RECEPCIONISTA', '7441528470', '7443216548', 'TABASCO', 'NUEVA VISTA', '981', '39721'),
(17, 'ROSA ', 'VERGARA ', 'CASTILLO', 'CONDOMINIO EL OASIS', 'LIC EN INFORMATICA', '7444187520', '5598722455', 'ALEMAN', 'GALLARDO', '09', '39827'),
(18, 'JORGE ', 'MERCADO ', 'PITOL', 'SEGURO IMSS', 'DOCTOR', '7446985524', '5589746251', 'JALISCO', 'LAS ANCLAS', '092', '39483'),
(19, 'VERONICA ', 'DOMINGUEZ ', 'GALAN', 'RESTAURANTE LOS TARASCOS', 'MESERA', '7448965214', '5593210205', 'XOCHIMILCO', 'WEST', '09', '39874'),
(20, 'ADELA ', 'MAGRO ', 'MENDOZA', 'AYUNTAMIENTO', 'SECRETARIA', '7449652133', '7449856210', 'GUERRERO', 'NATIVIDAD', '13', '39856'),
(21, 'ARTURO', 'BRAVO ', 'ARELO', 'AYUNTAMIENTO', 'GERENTE ADMINISTRATIVO', '7449687512', '7449856212', 'BENITO JUAREZ', 'CAMACHO', '1294', '39778'),
(22, 'MARIA ANA ', 'GARCIA', 'MORALES', 'LIVERPOOL', 'COSTURERA', '7448547968', '5589624120', 'GALVANEZ', 'JUAREZ', '03', '39003'),
(23, 'JAZIEL HUMBERTO', 'OCHOA ', 'SALDANA', 'TALLER RODOLFO', 'MECANICO', '7441658941', '7449356200', 'CALLE 3', 'LIMA', '71', '39101'),
(24, 'SANTIAGO ', 'ENRIQUEZ ', 'RAMIREZ', 'ESCUELA BENITO JUAREZ', 'DIRECTOR', '7443541009', '7449478665', 'PEDREGOSO', 'PALOMARES', '91', '39884'),
(25, 'SOFIA ', ' PEREZ', 'FLORES', 'COLEGIO MAC GREGOR', 'SECRETARIA', '7447847847', '5531316467', 'OCAMPO', 'CENTRO', '34', '39504'),
(26, 'GABRIELA', 'ABRAJAN', 'CORDERO', 'SORIANA', 'CAJERA', '7449685123', '7444485217', 'SALAMANCA', 'CARABALI', '43', '39139'),
(27, 'JUAN RAMON ', 'AGUAYO ', 'REVELES', 'INFORNAVIT', 'ASESOR DE VENTAS', '7449832562', '7444471023', 'SAN LUIS', 'COTA', '309', '39174'),
(28, ' BERTHA ', 'AGUILAR ', 'MACIAS', 'RESTAURANTE EL AMIGO MIGUEL', 'COSINERA', '7443256108', '7444587858', 'SONORA', 'COTA', '643', '39455'),
(29, 'GREGORIO', 'AGUILER', 'REYES', 'FORD MEXICO', 'GERENTE DE VENTAS', '7442030156', '7440158422', 'CALLE 8', 'SEN', '384', '39845'),
(30, 'SUSANA', 'ALEMAN', 'COTA', 'CHEDRAWI', 'CAJERA', '7448956258', '5510300269', 'TABASCO', 'SANTA CRUZ', '8534', '39873'),
(31, 'FERNANDO', 'GAMEZ', 'QUEZADA', 'PEMEX', 'LIC EN CONTABILIDAD', '7444851152', '7440036402', 'MAZATLAN', 'SAN JUAN', '400', '39854'),
(32, 'ANDREA', 'CASTRO', 'JIMENEZ', 'COLEGIO LA SALLE', 'PSICOLOGA', '7448521456', '7442301581', 'TABASCO', 'SAN JUAN', '64', '39645'),
(33, 'MARTHA', 'CORDOVA', 'ROJAS', 'ESTETICA ROSITA', 'ESTILISTA', '7448965238', '7444896521', 'SANJUAN', 'PROGRESO', '97', '39203'),
(34, 'JOSE', 'CISNEROS', 'ELIZALDE', 'MADERAS CAMPECHE', 'CARPINTERO', '7442036505', '7444015585', 'CALLE 2', '2 SOLES', '4049', '39888'),
(35, 'KAREN', 'OLIVA', 'PEDREGOSO', 'HOGAR', 'AMA DE CASA', '7445621144', '5565891447', 'TAMAULIPAS', 'ICACOS', '309', '39500'),
(36, 'GUSTAVO', 'ELIAS', 'DOMINGUEZ', 'CFE COMISION DE LUZ', 'CONTADOR', '7448957892', '7443201574', 'ALTAMIRA', 'AGUIRRE', '70', '39613'),
(37, 'ALFREDO', 'VALLE', 'LOPEZ', 'NEGOCIO PROPIO', 'COMERCIANTE', '7448956125', '7440587012', 'BONFIL ', 'ARROYO SECO', '670', '39850'),
(38, 'GABRIELA', 'FLORES', 'CRUZ', 'SEGURO SOCIAL', 'DOCTORA', '7448892164', '7442115461', 'CALLE 3', 'BALCONES', '45', '39876'),
(39, 'CARLOS', 'ESTRADA', 'MORALES', 'ISSTE', 'ENFERMERO', '7448547552', '7449632854', 'LAS PLAYAS', 'ALTA VISTA', '3409', '39778'),
(40, 'SOL', 'AGUIRRE', 'LORENZO', 'HOTEL LAS PLAYAS', 'SUPERVISORA', '7448922155', '7446321002', 'NORTE', 'MIRAMAR', '342', '39058'),
(41, 'JULIO', 'FERNANDEZ', 'PEREZ', 'COLEGIO LA SALLE', 'MAESTRO DE INGLES', '5587415694', '5502358054', 'MAZATLAN', 'VERACRUZ', '540', '39044'),
(42, 'MONICA', 'LARA', 'PEDREGOSO', 'NEGOCIO PROPIO', 'COMERCIANTE', '7440321056', '7444720365', 'BUENAVISTA', 'BUROCRATA', '673', '39086'),
(43, 'CESAR', 'CORREA', 'DELGADO', 'PIZZAS DOMINOS', 'REPARTIDOR', '7448596412', '7441475662', 'POLACO', 'LOMAS', '564', '39320'),
(44, 'PAULINA', 'TORRES', 'SABALA', 'SALON BRILLAMAR', 'ESTILISTA', '7442589654', '7442103257', 'CALLE 9', 'CAUDILLO', '823', '39505'),
(45, 'MARIELA', 'SOSA', 'GARCIA', 'HOTEL EMPORIO', 'RECAMARISTA', '5587495822', '7449856221', 'CERESO', 'LAS BRISAS', '309', '39884'),
(46, 'ALIN', 'GOMEZ', 'FRANCO', 'RESTAURANTE TOKS', 'MESERA', '5587459627', '5587102345', 'CHINAMECA', 'COHOTEROS', '452', '39845'),
(47, 'VERONICA', 'DEL SUR', 'ALTAMIRANO', 'KINDER AMERICA', 'SECRETARIA', '7449885485', '7448482055', 'NOGUEDA', 'COSTA AZUL', '085', '39658'),
(48, 'HERIBERTO', 'HERNANDEZ', 'GOMEZ', 'RESTAURANTE ITTALIANIS', 'MESERO', '5589892278', '5145215402', 'CONDESA', 'BRAVA', '987', '39784'),
(49, 'NAYELI', 'GUTIERREZ', 'GUZMAN', 'GALERIAS DIANA', 'ADMINISTRADORA', '7449658812', '7443200516', 'SOL', 'PRIVADA', '3423', '39870'),
(50, 'PATRICIA', 'LORENZO', 'VELA', 'PIZZAS HOT', 'MESERA', '7447440012', '7444403251', 'NIEVES', 'GRIJALBA', '341', '39233'),
(51, 'BERENICE', 'ALCANTAR', 'AGUILAR', 'AURRERA CENTRO', 'CAJERA', '7448972013', '7446352114', 'CORAL', 'DEL VALLE', '23', '39541'),
(52, 'ALMA', 'GUZMAN', 'LOPEZ', 'NEGOCIO PROPIO', 'COMERCIANTE', '7443020011', '7444520203', 'PASCUARO', 'LEON', '342', '39514'),
(53, 'MARCO', 'HERNANDEZ', 'GARNICA', 'CENTRAL DE AUTOBUSES', 'CHOFER', '7448852174', '7449858200', 'CORAL', 'LEON', '32', '39852'),
(54, 'RICARDO ARTURO', 'ALFARO', 'PERALTA', 'PROPIO', 'TAXISTA', '7443233054', '7444121560', 'SOL', 'POLAR', '342', '39645'),
(55, 'ANA', 'MONTIEL', 'MORALES', 'HOGAR', 'AMA DE CASA', '7443021052', '7442321051', 'GIRO', 'LIMA', '342', '39200'),
(56, 'SUSANA', 'GALINDO', 'HANK', 'COLEGIO ZUMARRAGA', 'MAESTRA', '7449566548', '7443202501', 'DEL VALLE', 'ROSALINDA', '341', '39651'),
(57, 'RAFAEL', 'ALVAREZ', 'PADILLA', 'PROPIO', 'TAXISTA', '7449558214', '7442551660', 'RASTRO', 'TECONCHE', '76', '39688'),
(58, 'CLAUDIA', 'BAUTISTA', 'MARTINEZ', 'SORIANA', 'CAJERA', '7448221255', '7448222124', 'NOGUEDA', 'MATA', '67', '39584'),
(59, 'REBECA', 'DIAZ', 'PINEDA', 'HOTEL LAS PLAYAS', 'RECEPCIONISTA', '7440321022', '7440205200', 'EMILIO', 'MOCTEZUMA', '094', '39622'),
(60, 'MARIA ', 'AVALOS', 'PEDRAZA', 'FAMACIA SIMILARES', 'CAJERA', '7448920220', '7443696301', 'CAPIRE', 'COLOSO', '5285', '39685'),
(61, 'SERGIO', 'ALANIS', 'PRADO', 'COCACOLA', 'GERENTE', '7446358200', '7444365215', 'PALMAR', 'MIRADOR', '369', '39652'),
(62, 'VICTOR', 'VEGA', 'PACHECO', 'HOTEL EL CANO', 'CONTADOR', '7448547412', '7449378854', 'GOLMAR', 'EL TANQUE', '912', '39655'),
(63, 'ALMA', 'ROBLES', 'GALINDO', 'ESCUELA EMILIANO ZAPATA', 'SECRETARIA', '7449543687', '7441425254', 'GARITA', 'JUAREZ', '4625', '39256'),
(64, 'KAREN', 'ALVAREZ', 'PEREZ', 'LOMAS DEL MAR', 'ARQUITECTA', '7448956351', '7443689585', 'FUENTES', 'VAZQUEZ', '58', '39871'),
(65, 'SILVESTRE', 'ALFARO', 'PANIAGUA', 'TALLER MIGUEL', 'PLOMERO', '7442585254', '7442383125', 'FARALLON', 'JUAREZ', '389', '39457'),
(66, 'DANIEL', 'ARREOLA', 'ARANA', 'RESTAURANTE EL PESCADOR', 'COCINERO', '7446859686', '7443686956', 'EMPERADOR', 'LAS GRANJAS', '45', '39078'),
(67, 'ESMERALDA', 'AMEZCUA', 'AMARO', 'RESTAURANTE WOOLWORD', 'COCINERA', '4773874364', '4773686546', 'LAS BRIZAS', 'VICTORIA', '52', '39745'),
(68, 'MIGUEL ANGEL', 'BARRAGAN', 'HERNANDEZ', 'TV AZTECA', 'PERIODISTA', '7442547542', '7445457854', 'LAS GRANJAS', 'FLAMINGOS', '2587', '39455'),
(69, 'DARIO', 'BALTAZAR', 'JAIMES', 'TALLER EL MEJOR', 'MECANICO', '7444254363', '7442575854', 'FRONTERA', 'VICTORIA', '45', '39424'),
(70, 'RAMSES', 'JUSTO', 'JIMENEZ', 'SECRETARIA PUBLICA', 'DIRECTOR', '7445482541', '7445454568', 'MARQUEZ', 'SANTA ELENA', '534', '39857'),
(71, 'JOSE LUIS', 'JUAREZ', 'VALLES', 'CORDINACION NACIONAL', 'SECRETARIO', '7441024501', '7442015425', 'ICACOS', 'SALMON', '44', '39516'),
(72, 'ARTURO', 'LOPEZ', 'VALENCIA', 'FARMACIAS SIMILARES', 'DORTOR', '7442115487', '7442542523', 'BENITO JUAREZ', 'HORNOS', '9454', '39512'),
(73, 'LUIS', 'CRUZ', 'BETANCOURT', 'CAMPECHE', 'CARPINTERO', '7441535611', '7446569619', 'GLORIA', 'BERNAL', '461', '39454'),
(74, 'JUDITH', 'CRUZ', 'CAMARGO', 'SEGURO SOCIAL', 'ENFERMERA', '7441245721', '7442458523', 'Diaz Ordaz', 'HOSPITAL', '312', '39876'),
(75, 'JOYCE', 'ROJANO', 'CRPRIANO', 'RESTAURANTE VIPS', 'MESERA', '7445365656', '7445353565', 'SALAMANCA', 'VENEZUELA', '58', '39454'),
(76, 'FRANCISCO', 'RIVERA', 'ROMA', 'ESCUELA EMILIANO ZAPATA', 'MAESTRO', '7445236856', '7442349552', 'INDUSTRIAL ', 'JACARANDAS', '31', '39784'),
(77, 'JOSEFINA', 'TOVAL', 'SOTO', 'AYUNTAMIENTO', 'LIC EN INFORMATICA', '7441235412', '7442534864', 'TAMAULIPAS', 'ORTIZ', '340', '39625'),
(78, 'ROSA', 'SANCHEZ', 'ALVAREZ', 'HOGAR', 'AMA DE CASA', '7445685553', '7442544655', 'MATAMOROS', 'SOLAR', '845', '39222'),
(79, 'ELIZABETH', 'BUENDIA', 'POLANCO', 'COMISION DE LUZ', 'ING EN ELECTRONICA', '7445454347', '7448693300', 'PASCUARO', 'CORTANA', '6569', '39554'),
(80, 'LAURA', 'GARCIA', 'QUIROZ', 'HOTEL TORTUGA', 'RESEPCIONISTA', '7445651231', '7444968695', 'CERBANTES', 'LUNA DEL MAR', '554', '39243'),
(81, 'ELENA', 'SANDOVAL', 'MEDINA', 'JUSGADOS', 'ABOGADA', '7446569554', '7445655520', 'CASTILLO', 'SANTA CRUZ', '429', '39421'),
(82, 'JULIANA', 'MILLAN', 'SALAS', 'TV AZTECA', 'REPORTERA', '7445863563', '7445435411', 'REYES', 'MATAMOROS', '80', '39411'),
(83, 'PABLO', 'QUIROZ', 'PORTILLO', 'CARNICERIA EL BUEN DIENTE', 'CARNICERO', '7446956241', '7444689655', 'PIEDRA', 'LOMA ALTA', '50', '39995'),
(84, 'IGNACIO', 'GARCIA', 'DELGADO', 'AYUNTAMIENTO', 'POLICIA', '5598797894', '7446441478', 'TERRANOVA', 'ADAME', '322', '39874'),
(85, 'PEDRO', 'PERALTA', 'VILLA', 'APASCO', 'CONTADOR', '7446846942', '7443569435', 'MAZATLAN', 'NUEVA ZONA', '221', '39101'),
(86, 'CARLOS', 'GUZMAN', 'LEONES', 'CONDOMINIO SOLAR', 'JARDINERO', '7446549536', '7446959320', 'PERA', 'LA PAROTA', '3423', '39781'),
(87, 'ARTURO', 'POLACO', 'ROMAN', 'SALON BELLA Y LISTA', 'ESTILISTA', '7446456450', '7440320632', 'VILLAS', 'VISTA ALEGRE', '452', '39250'),
(88, 'ROMAN', 'FUENTES', 'GRIJALBA', 'GYM ROMAN', 'INSTRUCTOR', '7442128542', '7448534334', 'PROVIDENCIA', 'LA POZA', '456', '39065'),
(89, 'GUSTAVO', 'RIVERA', 'LARA', 'NEGOCIO PROPIO', 'ING EN ELECTRONICA', '7442138587', '7442010120', 'CAMPECHE', 'LOS TIGRES', '4265', '39658'),
(90, 'ARANZA', 'ALMAZAN', 'GALAN', 'ISSTE', 'ENFERMERA', '7449820023', '7444969030', 'LIBERTAD', 'LA MIRA', '39', '39744'),
(91, 'MONICA', 'LARA ', 'CHIQUITO', 'NEGOCIO PROPIO', 'COMERCIANTE', '7441212091', '7441900783', 'CAMPECHE', 'CARABALI', '52', '39560'),
(92, 'Maria Elizabeth', 'Guzman', 'Luna', 'Hotel Las playas', 'Resepcionista', '7441900783', '7441212091', 'Campeche', 'Carabali', '51', '39560'),
(93, 'GHDHDFG', 'GDFGDFG', 'DFGDFGDFG', 'DFGDFGDFG', 'FGDFGDFG', '1234567890', '1234567890', 'DFGDFGF', 'DFGDFG', '44', '34234'),
(94, 'CARLOS', 'DFSDF', 'DFSDF', 'SDFSDFDF', 'FSDFSDFSDF', '1234567890', '1234567890', 'CARABALI', 'LIMA', '76', '39888'),
(95, 'asdasdasd', 'asdasdasd', 'asdasdasd', 'fsdfsdfsdf', 'dfsdfdsfdf', '3432342343', '2342343244', 'asdasdsd', 'sdasdasd', '334', '43244');

-- --------------------------------------------------------

--
-- Estructura de tabla para la tabla `personal`
--

CREATE TABLE IF NOT EXISTS `personal` (
  `idUsuario` int(11) NOT NULL AUTO_INCREMENT,
  `nombre` varchar(20) NOT NULL,
  `ApellidoP` varchar(20) NOT NULL,
  `ApellidoM` varchar(20) NOT NULL,
  `calle` varchar(50) NOT NULL,
  `colonia` varchar(50) NOT NULL,
  `numExt` varchar(5) NOT NULL,
  `cp` varchar(5) NOT NULL,
  `telefono` varchar(10) DEFAULT NULL,
  `email` varchar(50) NOT NULL,
  `profesion` varchar(50) NOT NULL,
  `cargo` varchar(20) NOT NULL,
  `usuario` varchar(20) DEFAULT NULL,
  `password` varchar(20) DEFAULT NULL,
  PRIMARY KEY (`idUsuario`),
  UNIQUE KEY `usuario` (`usuario`)
) ENGINE=InnoDB  DEFAULT CHARSET=latin1 AUTO_INCREMENT=4 ;

--
-- Volcado de datos para la tabla `personal`
--

INSERT INTO `personal` (`idUsuario`, `nombre`, `ApellidoP`, `ApellidoM`, `calle`, `colonia`, `numExt`, `cp`, `telefono`, `email`, `profesion`, `cargo`, `usuario`, `password`) VALUES
(1, 'Martha Lizeth', 'Teran', 'Lara', 'qweqweqwe', 'asdasdasdsad', '21', '12345', '1234567890', 'sdfdfsdfsdf', 'sdfsdfsdfsdf', 'Director(a)', 'lizethepetete', '3tortugas'),
(2, 'Jose Alberto', 'Padilla', 'Guzman', 'Calle 5', 'San luis', '456', '39880', '7441120103', 'JoseAlb34@outlock.com', 'Lic Informatica', 'Director(a)', 'Jose234', '12345678'),
(3, 'dfgdfgdfg', 'dfgdgfgdf', 'dfgdfgdfg', 'dfgdfgdfg', 'dfgdfgdfg', '45', '12345', '1234567890', 'dfgdfgdfgdfgfdg', 'dfgdfgdfgdfgdfg', 'Secretario(a)', 'Luisa', '12345678');

--
-- Restricciones para tablas volcadas
--

--
-- Filtros para la tabla `alumno`
--
ALTER TABLE `alumno`
  ADD CONSTRAINT `idGrado` FOREIGN KEY (`idGrado`) REFERENCES `grado` (`idGrado`),
  ADD CONSTRAINT `idPadres` FOREIGN KEY (`idPadres`) REFERENCES `padres` (`idPadres`);

--
-- Filtros para la tabla `grado`
--
ALTER TABLE `grado`
  ADD CONSTRAINT `fk_idMaestros` FOREIGN KEY (`idMaestros`) REFERENCES `maestros` (`idMaestros`);

--
-- Filtros para la tabla `materias`
--
ALTER TABLE `materias`
  ADD CONSTRAINT `fk_idGrado` FOREIGN KEY (`idGrado`) REFERENCES `grado` (`idGrado`) ON DELETE NO ACTION ON UPDATE NO ACTION;

/*!40101 SET CHARACTER_SET_CLIENT=@OLD_CHARACTER_SET_CLIENT */;
/*!40101 SET CHARACTER_SET_RESULTS=@OLD_CHARACTER_SET_RESULTS */;
/*!40101 SET COLLATION_CONNECTION=@OLD_COLLATION_CONNECTION */;
